This is pdfTeX, Version 3.141592653-2.6-1.40.26 (MiKTeX 24.4) (preloaded format=pdflatex 2025.9.25)  3 AUG 2026 12:00
entering extended mode
 restricted \write18 enabled.
 %&-line parsing enabled.
**./TAZ_BOOK.tex
(TAZ_BOOK.tex
LaTeX2e <2024-06-01> patch level 2
L3 programming layer <2024-07-20>
(C:\Program Files\MiKTeX\tex/latex/base\book.cls
Document Class: book 2024/02/08 v1.4n Standard LaTeX document class
(C:\Program Files\MiKTeX\tex/latex/base\bk10.clo
File: bk10.clo 2024/02/08 v1.4n Standard LaTeX file (size option)
)
\c@part=\count194
\c@chapter=\count195
\c@section=\count196
\c@subsection=\count197
\c@subsubsection=\count198
\c@paragraph=\count199
\c@subparagraph=\count266
\c@figure=\count267
\c@table=\count268
\abovecaptionskip=\skip49
\belowcaptionskip=\skip50
\bibindent=\dimen141
)
(C:\Users\AKAM\AppData\Roaming\MiKTeX\tex/latex/geometry\geometry.sty
Package: geometry 2020/01/02 v5.9 Page Geometry

(C:\Program Files\MiKTeX\tex/latex/graphics\keyval.sty
Package: keyval 2022/05/29 v1.15 key=value parser (DPC)
\KV@toks@=\toks17
)
(C:\Program Files\MiKTeX\tex/generic/iftex\ifvtex.sty
Package: ifvtex 2019/10/25 v1.7 ifvtex legacy package. Use iftex instead.

(C:\Program Files\MiKTeX\tex/generic/iftex\iftex.sty
Package: iftex 2022/02/03 v1.0f TeX engine tests
))
\Gm@cnth=\count269
\Gm@cntv=\count270
\c@Gm@tempcnt=\count271
\Gm@bindingoffset=\dimen142
\Gm@wd@mp=\dimen143
\Gm@odd@mp=\dimen144
\Gm@even@mp=\dimen145
\Gm@layoutwidth=\dimen146
\Gm@layoutheight=\dimen147
\Gm@layouthoffset=\dimen148
\Gm@layoutvoffset=\dimen149
\Gm@dimlist=\toks18

(C:\Users\AKAM\AppData\Roaming\MiKTeX\tex/latex/geometry\geometry.cfg))
(C:\Program Files\MiKTeX\tex/latex/base\inputenc.sty
Package: inputenc 2024/02/08 v1.3d Input encoding file
\inpenc@prehook=\toks19
\inpenc@posthook=\toks20
)
(C:\Users\AKAM\AppData\Roaming\MiKTeX\tex/latex/ulem\ulem.sty
\UL@box=\box52
\UL@hyphenbox=\box53
\UL@skip=\skip51
\UL@hook=\toks21
\UL@height=\dimen150
\UL@pe=\count272
\UL@pixel=\dimen151
\ULC@box=\box54
Package: ulem 2019/11/18
\ULdepth=\dimen152
)
(C:\Users\AKAM\AppData\Roaming\MiKTeX\tex/latex/setspace\setspace.sty
Package: setspace 2022/12/04 v6.7b set line spacing
)
(C:\Program Files\MiKTeX\tex/latex/appendix\appendix.sty
Package: appendix 2020/02/08 v1.2c extra appendix facilities
\c@@pps=\count273
\c@@ppsavesec=\count274
\c@@ppsaveapp=\count275
)
(C:\Program Files\MiKTeX\tex/latex/fancyhdr\fancyhdr.sty
Package: fancyhdr 2025/02/07 v5.2 Extensive control of page headers and footers

\f@nch@headwidth=\skip52
\f@nch@offset@elh=\skip53
\f@nch@offset@erh=\skip54
\f@nch@offset@olh=\skip55
\f@nch@offset@orh=\skip56
\f@nch@offset@elf=\skip57
\f@nch@offset@erf=\skip58
\f@nch@offset@olf=\skip59
\f@nch@offset@orf=\skip60
\f@nch@height=\skip61
\f@nch@footalignment=\skip62
\f@nch@widthL=\skip63
\f@nch@widthC=\skip64
\f@nch@widthR=\skip65
\@temptokenb=\toks22
)
(C:\Program Files\MiKTeX\tex/latex/graphics\graphicx.sty
Package: graphicx 2021/09/16 v1.2d Enhanced LaTeX Graphics (DPC,SPQR)

(C:\Program Files\MiKTeX\tex/latex/graphics\graphics.sty
Package: graphics 2024/05/23 v1.4g Standard LaTeX Graphics (DPC,SPQR)

(C:\Program Files\MiKTeX\tex/latex/graphics\trig.sty
Package: trig 2023/12/02 v1.11 sin cos tan (DPC)
)
(C:\Program Files\MiKTeX\tex/latex/graphics-cfg\graphics.cfg
File: graphics.cfg 2016/06/04 v1.11 sample graphics configuration
)
Package graphics Info: Driver file: pdftex.def on input line 106.

(C:\Program Files\MiKTeX\tex/latex/graphics-def\pdftex.def
File: pdftex.def 2024/04/13 v1.2c Graphics/color driver for pdftex
))
\Gin@req@height=\dimen153
\Gin@req@width=\dimen154
)
(C:\Users\AKAM\AppData\Roaming\MiKTeX\tex/latex/caption\caption.sty
Package: caption 2023/08/05 v3.6o Customizing captions (AR)

(C:\Users\AKAM\AppData\Roaming\MiKTeX\tex/latex/caption\caption3.sty
Package: caption3 2023/07/31 v2.4d caption3 kernel (AR)
\caption@tempdima=\dimen155
\captionmargin=\dimen156
\caption@leftmargin=\dimen157
\caption@rightmargin=\dimen158
\caption@width=\dimen159
\caption@indent=\dimen160
\caption@parindent=\dimen161
\caption@hangindent=\dimen162
Package caption Info: Standard document class detected.
)
\c@caption@flags=\count276
\c@continuedfloat=\count277
)
(C:\Users\AKAM\AppData\Roaming\MiKTeX\tex/latex/float\float.sty
Package: float 2001/11/08 v1.3d Float enhancements (AL)
\c@float@type=\count278
\float@exts=\toks23
\float@box=\box55
\@float@everytoks=\toks24
\@floatcapt=\box56
)
(C:\Users\AKAM\AppData\Roaming\MiKTeX\tex/latex/caption\subcaption.sty
Package: subcaption 2023/07/28 v1.6b Sub-captions (AR)
Package caption Info: New subtype `subfigure' on input line 238.
\c@subfigure=\count279
Package caption Info: New subtype `subtable' on input line 238.
\c@subtable=\count280
)
(C:\Users\AKAM\AppData\Roaming\MiKTeX\tex/latex/fvextra\fvextra.sty
Package: fvextra 2024/05/16 v1.7.0 fvextra - extensions and patches for fancyvr
b

(C:\Program Files\MiKTeX\tex/latex/etoolbox\etoolbox.sty
Package: etoolbox 2020/10/05 v2.5k e-TeX tools for LaTeX (JAW)
\etb@tempcnta=\count281
)
(C:\Users\AKAM\AppData\Roaming\MiKTeX\tex/latex/fancyvrb\fancyvrb.sty
Package: fancyvrb 2024/01/20 4.5c verbatim text (tvz,hv)
\FV@CodeLineNo=\count282
\FV@InFile=\read2
\FV@TabBox=\box57
\c@FancyVerbLine=\count283
\FV@StepNumber=\count284
\FV@OutFile=\write3
)
(C:\Users\AKAM\AppData\Roaming\MiKTeX\tex/latex/upquote\upquote.sty
Package: upquote 2012/04/19 v1.3 upright-quote and grave-accent glyphs in verba
tim
)
(C:\Users\AKAM\AppData\Roaming\MiKTeX\tex/latex/lineno\lineno.sty
Package: lineno 2023/05/20 line numbers on paragraphs v5.3

(C:\Users\AKAM\AppData\Roaming\MiKTeX\tex/latex/kvoptions\kvoptions.sty
Package: kvoptions 2022-06-15 v3.15 Key value format for package options (HO)

(C:\Users\AKAM\AppData\Roaming\MiKTeX\tex/generic/ltxcmds\ltxcmds.sty
Package: ltxcmds 2023-12-04 v1.26 LaTeX kernel commands for general use (HO)
)
(C:\Users\AKAM\AppData\Roaming\MiKTeX\tex/latex/kvsetkeys\kvsetkeys.sty
Package: kvsetkeys 2022-10-05 v1.19 Key value parser (HO)
))
\linenopenalty=\count285
\output=\toks25
\linenoprevgraf=\count286
\linenumbersep=\dimen163
\linenumberwidth=\dimen164
\c@linenumber=\count287
\c@pagewiselinenumber=\count288
\c@LN@truepage=\count289
\c@internallinenumber=\count290
\c@internallinenumbers=\count291
\quotelinenumbersep=\dimen165
\bframerule=\dimen166
\bframesep=\dimen167
\bframebox=\box58
LaTeX Info: Redefining \\ on input line 3180.
)
\c@FancyVerbWriteLine=\count292
\c@FancyVerbBufferIndex=\count293
\c@FancyVerbBufferLength=\count294
\c@FancyVerbBufferLine=\count295
\c@FV@oldbufferlength=\count296
\c@FV@TrueTabGroupLevel=\count297
\c@FV@TrueTabCounter=\count298
\FV@TabBox@Group=\box59
\FV@TmpLength=\skip66
\c@FV@HighlightLinesStart=\count299
\c@FV@HighlightLinesStop=\count300
\FV@LoopCount=\count301
\FV@NCharsBox=\box60
\FV@BreakIndent=\dimen168
\FV@BreakIndentNChars=\count302
\FV@BreakSymbolSepLeft=\dimen169
\FV@BreakSymbolSepLeftNChars=\count303
\FV@BreakSymbolSepRight=\dimen170
\FV@BreakSymbolSepRightNChars=\count304
\FV@BreakSymbolIndentLeft=\dimen171
\FV@BreakSymbolIndentLeftNChars=\count305
\FV@BreakSymbolIndentRight=\dimen172
\FV@BreakSymbolIndentRightNChars=\count306
\c@FancyVerbLineBreakLast=\count307
\FV@LineBox=\box61
\FV@LineIndentBox=\box62
\c@FV@BreakBufferDepth=\count308
\FV@LineWidth=\dimen173
)
(C:\Program Files\MiKTeX\tex/latex/hyperref\hyperref.sty
Package: hyperref 2024-07-10 v7.01j Hypertext links for LaTeX

(C:\Users\AKAM\AppData\Roaming\MiKTeX\tex/generic/kvdefinekeys\kvdefinekeys.sty
Package: kvdefinekeys 2019-12-19 v1.6 Define keys (HO)
) (C:\Users\AKAM\AppData\Roaming\MiKTeX\tex/generic/pdfescape\pdfescape.sty
Package: pdfescape 2019/12/09 v1.15 Implements pdfTeX's escape features (HO)

(C:\Program Files\MiKTeX\tex/generic/pdftexcmds\pdftexcmds.sty
Package: pdftexcmds 2020-06-27 v0.33 Utility functions of pdfTeX for LuaTeX (HO
)

(C:\Users\AKAM\AppData\Roaming\MiKTeX\tex/generic/infwarerr\infwarerr.sty
Package: infwarerr 2019/12/03 v1.5 Providing info/warning/error messages (HO)
)
Package pdftexcmds Info: \pdf@primitive is available.
Package pdftexcmds Info: \pdf@ifprimitive is available.
Package pdftexcmds Info: \pdfdraftmode found.
))
(C:\Users\AKAM\AppData\Roaming\MiKTeX\tex/latex/hycolor\hycolor.sty
Package: hycolor 2020-01-27 v1.10 Color options for hyperref/bookmark (HO)
)
(C:\Program Files\MiKTeX\tex/latex/hyperref\nameref.sty
Package: nameref 2023-11-26 v2.56 Cross-referencing by name of section

(C:\Users\AKAM\AppData\Roaming\MiKTeX\tex/latex/refcount\refcount.sty
Package: refcount 2019/12/15 v3.6 Data extraction from label references (HO)
)
(C:\Users\AKAM\AppData\Roaming\MiKTeX\tex/generic/gettitlestring\gettitlestring
.sty
Package: gettitlestring 2019/12/15 v1.6 Cleanup title references (HO)
)
\c@section@level=\count309
)
(C:\Users\AKAM\AppData\Roaming\MiKTeX\tex/generic/stringenc\stringenc.sty
Package: stringenc 2019/11/29 v1.12 Convert strings between diff. encodings (HO
)
)
\@linkdim=\dimen174
\Hy@linkcounter=\count310
\Hy@pagecounter=\count311

(C:\Program Files\MiKTeX\tex/latex/hyperref\pd1enc.def
File: pd1enc.def 2024-07-10 v7.01j Hyperref: PDFDocEncoding definition (HO)
Now handling font encoding PD1 ...
... no UTF-8 mapping file for font encoding PD1
)
(C:\Users\AKAM\AppData\Roaming\MiKTeX\tex/generic/intcalc\intcalc.sty
Package: intcalc 2019/12/15 v1.3 Expandable calculations with integers (HO)
)
\Hy@SavedSpaceFactor=\count312

(C:\Program Files\MiKTeX\tex/latex/hyperref\puenc.def
File: puenc.def 2024-07-10 v7.01j Hyperref: PDF Unicode definition (HO)
Now handling font encoding PU ...
... no UTF-8 mapping file for font encoding PU
)
Package hyperref Info: Hyper figures OFF on input line 4157.
Package hyperref Info: Link nesting OFF on input line 4162.
Package hyperref Info: Hyper index ON on input line 4165.
Package hyperref Info: Plain pages OFF on input line 4172.
Package hyperref Info: Backreferencing OFF on input line 4177.
Package hyperref Info: Implicit mode ON; LaTeX internals redefined.
Package hyperref Info: Bookmarks ON on input line 4424.
\c@Hy@tempcnt=\count313

(C:\Program Files\MiKTeX\tex/latex/url\url.sty
\Urlmuskip=\muskip17
Package: url 2013/09/16  ver 3.4  Verb mode for urls, etc.
)
LaTeX Info: Redefining \url on input line 4763.
\XeTeXLinkMargin=\dimen175

(C:\Users\AKAM\AppData\Roaming\MiKTeX\tex/generic/bitset\bitset.sty
Package: bitset 2019/12/09 v1.3 Handle bit-vector datatype (HO)

(C:\Users\AKAM\AppData\Roaming\MiKTeX\tex/generic/bigintcalc\bigintcalc.sty
Package: bigintcalc 2019/12/15 v1.5 Expandable calculations on big integers (HO
)
))
\Fld@menulength=\count314
\Field@Width=\dimen176
\Fld@charsize=\dimen177
Package hyperref Info: Hyper figures OFF on input line 6042.
Package hyperref Info: Link nesting OFF on input line 6047.
Package hyperref Info: Hyper index ON on input line 6050.
Package hyperref Info: backreferencing OFF on input line 6057.
Package hyperref Info: Link coloring OFF on input line 6062.
Package hyperref Info: Link coloring with OCG OFF on input line 6067.
Package hyperref Info: PDF/A mode OFF on input line 6072.

(C:\Program Files\MiKTeX\tex/latex/base\atbegshi-ltx.sty
Package: atbegshi-ltx 2021/01/10 v1.0c Emulation of the original atbegshi
package with kernel methods
)
\Hy@abspage=\count315
\c@Item=\count316
\c@Hfootnote=\count317
)
Package hyperref Info: Driver (autodetected): hpdftex.

(C:\Program Files\MiKTeX\tex/latex/hyperref\hpdftex.def
File: hpdftex.def 2024-07-10 v7.01j Hyperref driver for pdfTeX

(C:\Program Files\MiKTeX\tex/latex/base\atveryend-ltx.sty
Package: atveryend-ltx 2020/08/19 v1.0a Emulation of the original atveryend pac
kage
with kernel methods
)
\Fld@listcount=\count318
\c@bookmark@seq@number=\count319

(C:\Users\AKAM\AppData\Roaming\MiKTeX\tex/latex/rerunfilecheck\rerunfilecheck.s
ty
Package: rerunfilecheck 2022-07-10 v1.10 Rerun checks for auxiliary files (HO)

(C:\Users\AKAM\AppData\Roaming\MiKTeX\tex/generic/uniquecounter\uniquecounter.s
ty
Package: uniquecounter 2019/12/15 v1.4 Provide unlimited unique counter (HO)
)
Package uniquecounter Info: New unique counter `rerunfilecheck' on input line 2
85.
)
\Hy@SectionHShift=\skip67
) (C:\Program Files\MiKTeX\tex/latex/tools\tabularx.sty
Package: tabularx 2023/12/11 v2.12a `tabularx' package (DPC)

(C:\Program Files\MiKTeX\tex/latex/tools\array.sty
Package: array 2024/06/14 v2.6d Tabular extension package (FMi)
\col@sep=\dimen178
\ar@mcellbox=\box63
\extrarowheight=\dimen179
\NC@list=\toks26
\extratabsurround=\skip68
\backup@length=\skip69
\ar@cellbox=\box64
)
\TX@col@width=\dimen180
\TX@old@table=\dimen181
\TX@old@col=\dimen182
\TX@target=\dimen183
\TX@delta=\dimen184
\TX@cols=\count320
\TX@ftn=\toks27
)
(C:\Program Files\MiKTeX\tex/latex/makecell\makecell.sty
Package: makecell 2009/08/03 V0.1e Managing of Tab Column Heads and Cells
\rotheadsize=\dimen185
\c@nlinenum=\count321
\TeXr@lab=\toks28
)
(C:\Users\AKAM\AppData\Roaming\MiKTeX\tex/latex/diagbox\diagbox.sty
Package: diagbox 2020/02/09 v2.3 Making table heads with diagonal lines

(C:\Users\AKAM\AppData\Roaming\MiKTeX\tex/latex/pict2e\pict2e.sty
Package: pict2e 2020/09/30 v0.4b Improved picture commands (HjG,RN,JT)

(C:\Users\AKAM\AppData\Roaming\MiKTeX\tex/latex/pict2e\pict2e.cfg
File: pict2e.cfg 2016/02/05 v0.1u pict2e configuration for teTeX/TeXLive
)
Package pict2e Info: Driver file: pdftex.def on input line 112.
Package pict2e Info: Driver file for pict2e: p2e-pdftex.def on input line 114.

(C:\Users\AKAM\AppData\Roaming\MiKTeX\tex/latex/pict2e\p2e-pdftex.def
File: p2e-pdftex.def 2016/02/05 v0.1u Driver-dependant file (RN,HjG,JT)
)
\pIIe@GRAPH=\toks29
\@arclen=\dimen186
\@arcrad=\dimen187
\pIIe@tempdima=\dimen188
\pIIe@tempdimb=\dimen189
\pIIe@tempdimc=\dimen190
\pIIe@tempdimd=\dimen191
\pIIe@tempdime=\dimen192
\pIIe@tempdimf=\dimen193
)
(C:\Program Files\MiKTeX\tex/latex/tools\calc.sty
Package: calc 2023/07/08 v4.3 Infix arithmetic (KKT,FJ)
\calc@Acount=\count322
\calc@Bcount=\count323
\calc@Adimen=\dimen194
\calc@Bdimen=\dimen195
\calc@Askip=\skip70
\calc@Bskip=\skip71
LaTeX Info: Redefining \setlength on input line 80.
LaTeX Info: Redefining \addtolength on input line 81.
\calc@Ccount=\count324
\calc@Cskip=\skip72
)
\diagbox@boxa=\box65
\diagbox@boxb=\box66
\diagbox@boxm=\box67
\diagbox@wd=\dimen196
\diagbox@ht=\dimen197
\diagbox@insepl=\dimen198
\diagbox@insepr=\dimen199
\diagbox@outsepl=\dimen256
\diagbox@outsepr=\dimen257
)
(C:\Program Files\MiKTeX\tex/latex/tools\longtable.sty
Package: longtable 2024-04-26 v4.20 Multi-page Table package (DPC)
\LTleft=\skip73
\LTright=\skip74
\LTpre=\skip75
\LTpost=\skip76
\LTchunksize=\count325
\LTcapwidth=\dimen258
\LT@head=\box68
\LT@firsthead=\box69
\LT@foot=\box70
\LT@lastfoot=\box71
\LT@gbox=\box72
\LT@cols=\count326
\LT@rows=\count327
\c@LT@tables=\count328
\c@LT@chunks=\count329
\LT@p@ftn=\toks30
)
(C:\Program Files\MiKTeX\tex/latex/xcolor\xcolor.sty
Package: xcolor 2023/11/15 v3.01 LaTeX color extensions (UK)

(C:\Program Files\MiKTeX\tex/latex/graphics-cfg\color.cfg
File: color.cfg 2016/01/02 v1.6 sample color configuration
)
Package xcolor Info: Driver file: pdftex.def on input line 274.

(C:\Program Files\MiKTeX\tex/latex/graphics\mathcolor.ltx)
Package xcolor Info: Model `cmy' substituted by `cmy0' on input line 1350.
Package xcolor Info: Model `hsb' substituted by `rgb' on input line 1354.
Package xcolor Info: Model `RGB' extended on input line 1366.
Package xcolor Info: Model `HTML' substituted by `rgb' on input line 1368.
Package xcolor Info: Model `Hsb' substituted by `hsb' on input line 1369.
Package xcolor Info: Model `tHsb' substituted by `hsb' on input line 1370.
Package xcolor Info: Model `HSB' substituted by `hsb' on input line 1371.
Package xcolor Info: Model `Gray' substituted by `gray' on input line 1372.
Package xcolor Info: Model `wave' substituted by `hsb' on input line 1373.
)
(C:\Users\AKAM\AppData\Roaming\MiKTeX\tex/generic/soul\soul.sty
Package: soul 2023-06-14 v3.1 Permit use of UTF-8 characters in soul (HO)

(C:\Users\AKAM\AppData\Roaming\MiKTeX\tex/generic/soul\soul-ori.sty
Package: soul-ori 2023-06-14 v3.1 letterspacing/underlining (mf)
\SOUL@word=\toks31
\SOUL@lasttoken=\toks32
\SOUL@syllable=\toks33
\SOUL@cmds=\toks34
\SOUL@buffer=\toks35
\SOUL@token=\toks36
\SOUL@syllgoal=\dimen259
\SOUL@syllwidth=\dimen260
\SOUL@charkern=\dimen261
\SOUL@hyphkern=\dimen262
\SOUL@dimen=\dimen263
\SOUL@dimeni=\dimen264
\SOUL@minus=\count330
\SOUL@comma=\count331
\SOUL@apo=\count332
\SOUL@grave=\count333
\SOUL@spaceskip=\skip77
\SOUL@ttwidth=\dimen265
\SOUL@uldp=\dimen266
\SOUL@ulht=\dimen267
)
(C:\Users\AKAM\AppData\Roaming\MiKTeX\tex/generic/etexcmds\etexcmds.sty
Package: etexcmds 2019/12/15 v1.7 Avoid name clashes with e-TeX commands (HO)
))
(C:\Program Files\MiKTeX\tex/latex/colortbl\colortbl.sty
Package: colortbl 2024/10/29 v1.0k Color table columns (DPC)
\everycr=\toks37
\minrowclearance=\skip78
\rownum=\count334
)
(C:\Program Files\MiKTeX\tex/latex/tcolorbox\tcolorbox.sty
Package: tcolorbox 2025/09/09 version 6.8.0 text color boxes

(C:\Program Files\MiKTeX\tex/latex/pgf/frontendlayer\tikz.sty
(C:\Program Files\MiKTeX\tex/latex/pgf/basiclayer\pgf.sty
(C:\Program Files\MiKTeX\tex/latex/pgf/utilities\pgfrcs.sty
(C:\Program Files\MiKTeX\tex/generic/pgf/utilities\pgfutil-common.tex
\pgfutil@everybye=\toks38
\pgfutil@tempdima=\dimen268
\pgfutil@tempdimb=\dimen269
)
(C:\Program Files\MiKTeX\tex/generic/pgf/utilities\pgfutil-latex.def
\pgfutil@abb=\box73
)
(C:\Program Files\MiKTeX\tex/generic/pgf/utilities\pgfrcs.code.tex
(C:\Program Files\MiKTeX\tex/generic/pgf\pgf.revision.tex)
Package: pgfrcs 2023-01-15 v3.1.10 (3.1.10)
))
Package: pgf 2023-01-15 v3.1.10 (3.1.10)

(C:\Program Files\MiKTeX\tex/latex/pgf/basiclayer\pgfcore.sty
(C:\Program Files\MiKTeX\tex/latex/pgf/systemlayer\pgfsys.sty
(C:\Program Files\MiKTeX\tex/generic/pgf/systemlayer\pgfsys.code.tex
Package: pgfsys 2023-01-15 v3.1.10 (3.1.10)

(C:\Program Files\MiKTeX\tex/generic/pgf/utilities\pgfkeys.code.tex
\pgfkeys@pathtoks=\toks39
\pgfkeys@temptoks=\toks40

(C:\Program Files\MiKTeX\tex/generic/pgf/utilities\pgfkeyslibraryfiltered.code.
tex
\pgfkeys@tmptoks=\toks41
))
\pgf@x=\dimen270
\pgf@y=\dimen271
\pgf@xa=\dimen272
\pgf@ya=\dimen273
\pgf@xb=\dimen274
\pgf@yb=\dimen275
\pgf@xc=\dimen276
\pgf@yc=\dimen277
\pgf@xd=\dimen278
\pgf@yd=\dimen279
\w@pgf@writea=\write4
\r@pgf@reada=\read3
\c@pgf@counta=\count335
\c@pgf@countb=\count336
\c@pgf@countc=\count337
\c@pgf@countd=\count338
\t@pgf@toka=\toks42
\t@pgf@tokb=\toks43
\t@pgf@tokc=\toks44
\pgf@sys@id@count=\count339
 (C:\Program Files\MiKTeX\tex/generic/pgf/systemlayer\pgf.cfg
File: pgf.cfg 2023-01-15 v3.1.10 (3.1.10)
)
Driver file for pgf: pgfsys-pdftex.def

(C:\Program Files\MiKTeX\tex/generic/pgf/systemlayer\pgfsys-pdftex.def
File: pgfsys-pdftex.def 2023-01-15 v3.1.10 (3.1.10)

(C:\Program Files\MiKTeX\tex/generic/pgf/systemlayer\pgfsys-common-pdf.def
File: pgfsys-common-pdf.def 2023-01-15 v3.1.10 (3.1.10)
)))
(C:\Program Files\MiKTeX\tex/generic/pgf/systemlayer\pgfsyssoftpath.code.tex
File: pgfsyssoftpath.code.tex 2023-01-15 v3.1.10 (3.1.10)
\pgfsyssoftpath@smallbuffer@items=\count340
\pgfsyssoftpath@bigbuffer@items=\count341
)
(C:\Program Files\MiKTeX\tex/generic/pgf/systemlayer\pgfsysprotocol.code.tex
File: pgfsysprotocol.code.tex 2023-01-15 v3.1.10 (3.1.10)
))
(C:\Program Files\MiKTeX\tex/generic/pgf/basiclayer\pgfcore.code.tex
Package: pgfcore 2023-01-15 v3.1.10 (3.1.10)

(C:\Program Files\MiKTeX\tex/generic/pgf/math\pgfmath.code.tex
(C:\Program Files\MiKTeX\tex/generic/pgf/math\pgfmathutil.code.tex)
(C:\Program Files\MiKTeX\tex/generic/pgf/math\pgfmathparser.code.tex
\pgfmath@dimen=\dimen280
\pgfmath@count=\count342
\pgfmath@box=\box74
\pgfmath@toks=\toks45
\pgfmath@stack@operand=\toks46
\pgfmath@stack@operation=\toks47
)
(C:\Program Files\MiKTeX\tex/generic/pgf/math\pgfmathfunctions.code.tex)
(C:\Program Files\MiKTeX\tex/generic/pgf/math\pgfmathfunctions.basic.code.tex)
(C:\Program Files\MiKTeX\tex/generic/pgf/math\pgfmathfunctions.trigonometric.co
de.tex)
(C:\Program Files\MiKTeX\tex/generic/pgf/math\pgfmathfunctions.random.code.tex)

(C:\Program Files\MiKTeX\tex/generic/pgf/math\pgfmathfunctions.comparison.code.
tex)
(C:\Program Files\MiKTeX\tex/generic/pgf/math\pgfmathfunctions.base.code.tex)
(C:\Program Files\MiKTeX\tex/generic/pgf/math\pgfmathfunctions.round.code.tex)
(C:\Program Files\MiKTeX\tex/generic/pgf/math\pgfmathfunctions.misc.code.tex)
(C:\Program Files\MiKTeX\tex/generic/pgf/math\pgfmathfunctions.integerarithmeti
cs.code.tex) (C:\Program Files\MiKTeX\tex/generic/pgf/math\pgfmathcalc.code.tex
) (C:\Program Files\MiKTeX\tex/generic/pgf/math\pgfmathfloat.code.tex
\c@pgfmathroundto@lastzeros=\count343
))
(C:\Program Files\MiKTeX\tex/generic/pgf/math\pgfint.code.tex)
(C:\Program Files\MiKTeX\tex/generic/pgf/basiclayer\pgfcorepoints.code.tex
File: pgfcorepoints.code.tex 2023-01-15 v3.1.10 (3.1.10)
\pgf@picminx=\dimen281
\pgf@picmaxx=\dimen282
\pgf@picminy=\dimen283
\pgf@picmaxy=\dimen284
\pgf@pathminx=\dimen285
\pgf@pathmaxx=\dimen286
\pgf@pathminy=\dimen287
\pgf@pathmaxy=\dimen288
\pgf@xx=\dimen289
\pgf@xy=\dimen290
\pgf@yx=\dimen291
\pgf@yy=\dimen292
\pgf@zx=\dimen293
\pgf@zy=\dimen294
)
(C:\Program Files\MiKTeX\tex/generic/pgf/basiclayer\pgfcorepathconstruct.code.t
ex
File: pgfcorepathconstruct.code.tex 2023-01-15 v3.1.10 (3.1.10)
\pgf@path@lastx=\dimen295
\pgf@path@lasty=\dimen296
)
(C:\Program Files\MiKTeX\tex/generic/pgf/basiclayer\pgfcorepathusage.code.tex
File: pgfcorepathusage.code.tex 2023-01-15 v3.1.10 (3.1.10)
\pgf@shorten@end@additional=\dimen297
\pgf@shorten@start@additional=\dimen298
)
(C:\Program Files\MiKTeX\tex/generic/pgf/basiclayer\pgfcorescopes.code.tex
File: pgfcorescopes.code.tex 2023-01-15 v3.1.10 (3.1.10)
\pgfpic=\box75
\pgf@hbox=\box76
\pgf@layerbox@main=\box77
\pgf@picture@serial@count=\count344
)
(C:\Program Files\MiKTeX\tex/generic/pgf/basiclayer\pgfcoregraphicstate.code.te
x
File: pgfcoregraphicstate.code.tex 2023-01-15 v3.1.10 (3.1.10)
\pgflinewidth=\dimen299
)
(C:\Program Files\MiKTeX\tex/generic/pgf/basiclayer\pgfcoretransformations.code
.tex
File: pgfcoretransformations.code.tex 2023-01-15 v3.1.10 (3.1.10)
\pgf@pt@x=\dimen300
\pgf@pt@y=\dimen301
\pgf@pt@temp=\dimen302
) (C:\Program Files\MiKTeX\tex/generic/pgf/basiclayer\pgfcorequick.code.tex
File: pgfcorequick.code.tex 2023-01-15 v3.1.10 (3.1.10)
) (C:\Program Files\MiKTeX\tex/generic/pgf/basiclayer\pgfcoreobjects.code.tex
File: pgfcoreobjects.code.tex 2023-01-15 v3.1.10 (3.1.10)
)
(C:\Program Files\MiKTeX\tex/generic/pgf/basiclayer\pgfcorepathprocessing.code.
tex
File: pgfcorepathprocessing.code.tex 2023-01-15 v3.1.10 (3.1.10)
) (C:\Program Files\MiKTeX\tex/generic/pgf/basiclayer\pgfcorearrows.code.tex
File: pgfcorearrows.code.tex 2023-01-15 v3.1.10 (3.1.10)
\pgfarrowsep=\dimen303
) (C:\Program Files\MiKTeX\tex/generic/pgf/basiclayer\pgfcoreshade.code.tex
File: pgfcoreshade.code.tex 2023-01-15 v3.1.10 (3.1.10)
\pgf@max=\dimen304
\pgf@sys@shading@range@num=\count345
\pgf@shadingcount=\count346
)
(C:\Program Files\MiKTeX\tex/generic/pgf/basiclayer\pgfcoreimage.code.tex
File: pgfcoreimage.code.tex 2023-01-15 v3.1.10 (3.1.10)
)
(C:\Program Files\MiKTeX\tex/generic/pgf/basiclayer\pgfcoreexternal.code.tex
File: pgfcoreexternal.code.tex 2023-01-15 v3.1.10 (3.1.10)
\pgfexternal@startupbox=\box78
)
(C:\Program Files\MiKTeX\tex/generic/pgf/basiclayer\pgfcorelayers.code.tex
File: pgfcorelayers.code.tex 2023-01-15 v3.1.10 (3.1.10)
)
(C:\Program Files\MiKTeX\tex/generic/pgf/basiclayer\pgfcoretransparency.code.te
x
File: pgfcoretransparency.code.tex 2023-01-15 v3.1.10 (3.1.10)
) (C:\Program Files\MiKTeX\tex/generic/pgf/basiclayer\pgfcorepatterns.code.tex
File: pgfcorepatterns.code.tex 2023-01-15 v3.1.10 (3.1.10)
) (C:\Program Files\MiKTeX\tex/generic/pgf/basiclayer\pgfcorerdf.code.tex
File: pgfcorerdf.code.tex 2023-01-15 v3.1.10 (3.1.10)
)))
(C:\Program Files\MiKTeX\tex/generic/pgf/modules\pgfmoduleshapes.code.tex
File: pgfmoduleshapes.code.tex 2023-01-15 v3.1.10 (3.1.10)
\pgfnodeparttextbox=\box79
)
(C:\Program Files\MiKTeX\tex/generic/pgf/modules\pgfmoduleplot.code.tex
File: pgfmoduleplot.code.tex 2023-01-15 v3.1.10 (3.1.10)
)
(C:\Program Files\MiKTeX\tex/latex/pgf/compatibility\pgfcomp-version-0-65.sty
Package: pgfcomp-version-0-65 2023-01-15 v3.1.10 (3.1.10)
\pgf@nodesepstart=\dimen305
\pgf@nodesepend=\dimen306
)
(C:\Program Files\MiKTeX\tex/latex/pgf/compatibility\pgfcomp-version-1-18.sty
Package: pgfcomp-version-1-18 2023-01-15 v3.1.10 (3.1.10)
)) (C:\Program Files\MiKTeX\tex/latex/pgf/utilities\pgffor.sty
(C:\Program Files\MiKTeX\tex/latex/pgf/utilities\pgfkeys.sty
(C:\Program Files\MiKTeX\tex/generic/pgf/utilities\pgfkeys.code.tex))
(C:\Program Files\MiKTeX\tex/latex/pgf/math\pgfmath.sty
(C:\Program Files\MiKTeX\tex/generic/pgf/math\pgfmath.code.tex))
(C:\Program Files\MiKTeX\tex/generic/pgf/utilities\pgffor.code.tex
Package: pgffor 2023-01-15 v3.1.10 (3.1.10)
\pgffor@iter=\dimen307
\pgffor@skip=\dimen308
\pgffor@stack=\toks48
\pgffor@toks=\toks49
))
(C:\Program Files\MiKTeX\tex/generic/pgf/frontendlayer/tikz\tikz.code.tex
Package: tikz 2023-01-15 v3.1.10 (3.1.10)

(C:\Program Files\MiKTeX\tex/generic/pgf/libraries\pgflibraryplothandlers.code.
tex
File: pgflibraryplothandlers.code.tex 2023-01-15 v3.1.10 (3.1.10)
\pgf@plot@mark@count=\count347
\pgfplotmarksize=\dimen309
)
\tikz@lastx=\dimen310
\tikz@lasty=\dimen311
\tikz@lastxsaved=\dimen312
\tikz@lastysaved=\dimen313
\tikz@lastmovetox=\dimen314
\tikz@lastmovetoy=\dimen315
\tikzleveldistance=\dimen316
\tikzsiblingdistance=\dimen317
\tikz@figbox=\box80
\tikz@figbox@bg=\box81
\tikz@tempbox=\box82
\tikz@tempbox@bg=\box83
\tikztreelevel=\count348
\tikznumberofchildren=\count349
\tikznumberofcurrentchild=\count350
\tikz@fig@count=\count351
 (C:\Program Files\MiKTeX\tex/generic/pgf/modules\pgfmodulematrix.code.tex
File: pgfmodulematrix.code.tex 2023-01-15 v3.1.10 (3.1.10)
\pgfmatrixcurrentrow=\count352
\pgfmatrixcurrentcolumn=\count353
\pgf@matrix@numberofcolumns=\count354
)
\tikz@expandcount=\count355

(C:\Program Files\MiKTeX\tex/generic/pgf/frontendlayer/tikz/libraries\tikzlibra
rytopaths.code.tex
File: tikzlibrarytopaths.code.tex 2023-01-15 v3.1.10 (3.1.10)
))) (C:\Program Files\MiKTeX\tex/latex/tools\verbatim.sty
Package: verbatim 2024-01-22 v1.5x LaTeX2e package for verbatim enhancements
\every@verbatim=\toks50
\verbatim@line=\toks51
\verbatim@in@stream=\read4
)
(C:\Program Files\MiKTeX\tex/latex/environ\environ.sty
Package: environ 2014/05/04 v0.3 A new way to define environments

(C:\Program Files\MiKTeX\tex/latex/trimspaces\trimspaces.sty
Package: trimspaces 2009/09/17 v1.1 Trim spaces around a token list
)
\@envbody=\toks52
)
\tcb@titlebox=\box84
\tcb@upperbox=\box85
\tcb@lowerbox=\box86
\tcb@phantombox=\box87
\c@tcbbreakpart=\count356
\c@tcblayer=\count357
\c@tcolorbox@number=\count358
\l__tcobox_tmpa_box=\box88
\l__tcobox_tmpa_dim=\dimen318
\tcb@temp=\box89
\tcb@temp=\box90
\tcb@temp=\box91
\tcb@temp=\box92
)
(C:\Program Files\MiKTeX\tex/latex/tcolorbox\tcblistings.code.tex
Library (tcolorbox): 'tcblistings.code.tex' version '6.8.0'
(C:\Program Files\MiKTeX\tex/latex/listings\listings.sty
\lst@mode=\count359
\lst@gtempboxa=\box93
\lst@token=\toks53
\lst@length=\count360
\lst@currlwidth=\dimen319
\lst@column=\count361
\lst@pos=\count362
\lst@lostspace=\dimen320
\lst@width=\dimen321
\lst@newlines=\count363
\lst@lineno=\count364
\lst@maxwidth=\dimen322

(C:\Program Files\MiKTeX\tex/latex/listings\lstpatch.sty
File: lstpatch.sty 2024/05/25 1.10b (Carsten Heinz)
)
(C:\Program Files\MiKTeX\tex/latex/listings\lstmisc.sty
File: lstmisc.sty 2024/05/25 1.10b (Carsten Heinz)
\c@lstnumber=\count365
\lst@skipnumbers=\count366
\lst@framebox=\box94
)
(C:\Program Files\MiKTeX\tex/latex/listings\listings.cfg
File: listings.cfg 2024/05/25 1.10b listings configuration
))
Package: listings 2024/05/25 1.10b (Carsten Heinz)

(C:\Program Files\MiKTeX\tex/latex/tcolorbox\tcblistingscore.code.tex
Library (tcolorbox): 'tcblistingscore.code.tex' version '6.8.0'
(C:\Program Files\MiKTeX\tex/latex/tcolorbox\tcbprocessing.code.tex
Library (tcolorbox): 'tcbprocessing.code.tex' version '6.8.0'
)
\c@tcblisting=\count367
)) (C:\Program Files\MiKTeX\tex/latex/tcolorbox\tcbskins.code.tex
Library (tcolorbox): 'tcbskins.code.tex' version '6.8.0'
(C:\Users\AKAM\AppData\Roaming\MiKTeX\tex/latex/tikzfill\tikzfill.image.sty
Package: tikzfill.image 2023/08/08 v1.0.1 Image filling library for TikZ

(C:\Users\AKAM\AppData\Roaming\MiKTeX\tex/latex/tikzfill\tikzfill-common.sty
Package: tikzfill-common 2023/08/08 v1.0.1 Auxiliary code for tikzfill
)
(C:\Users\AKAM\AppData\Roaming\MiKTeX\tex/latex/tikzfill\tikzlibraryfill.image.
code.tex
File: tikzlibraryfill.image.code.tex 2023/08/08 v1.0.1 Image filling library
\l__tikzfill_img_box=\box95
)) (C:\Program Files\MiKTeX\tex/latex/tcolorbox\tcbskinsjigsaw.code.tex
Library (tcolorbox): 'tcbskinsjigsaw.code.tex' version '6.8.0'
)) (C:\Program Files\MiKTeX\tex/latex/tcolorbox\tcbbreakable.code.tex
Library (tcolorbox): 'tcbbreakable.code.tex' version '6.8.0'
(C:\Users\AKAM\AppData\Roaming\MiKTeX\tex/latex/pdfcol\pdfcol.sty
Package: pdfcol 2022-09-21 v1.7 Handle new color stacks for pdfTeX (HO)
)
Package pdfcol Info: New color stack `tcb@breakable' = 1 on input line 23.
\tcb@testbox=\box96
\tcb@totalupperbox=\box97
\tcb@totallowerbox=\box98
)
(C:\Program Files\MiKTeX\tex/latex/amsmath\amsmath.sty
Package: amsmath 2024/05/23 v2.17q AMS math features
\@mathmargin=\skip79

For additional information on amsmath, use the `?' option.
(C:\Program Files\MiKTeX\tex/latex/amsmath\amstext.sty
Package: amstext 2021/08/26 v2.01 AMS text

(C:\Program Files\MiKTeX\tex/latex/amsmath\amsgen.sty
File: amsgen.sty 1999/11/30 v2.0 generic functions
\@emptytoks=\toks54
\ex@=\dimen323
))
(C:\Program Files\MiKTeX\tex/latex/amsmath\amsbsy.sty
Package: amsbsy 1999/11/29 v1.2d Bold Symbols
\pmbraise@=\dimen324
)
(C:\Program Files\MiKTeX\tex/latex/amsmath\amsopn.sty
Package: amsopn 2022/04/08 v2.04 operator names
)
\inf@bad=\count368
LaTeX Info: Redefining \frac on input line 233.
\uproot@=\count369
\leftroot@=\count370
LaTeX Info: Redefining \overline on input line 398.
LaTeX Info: Redefining \colon on input line 409.
\classnum@=\count371
\DOTSCASE@=\count372
LaTeX Info: Redefining \ldots on input line 495.
LaTeX Info: Redefining \dots on input line 498.
LaTeX Info: Redefining \cdots on input line 619.
\Mathstrutbox@=\box99
\strutbox@=\box100
LaTeX Info: Redefining \big on input line 721.
LaTeX Info: Redefining \Big on input line 722.
LaTeX Info: Redefining \bigg on input line 723.
LaTeX Info: Redefining \Bigg on input line 724.
\big@size=\dimen325
LaTeX Font Info:    Redeclaring font encoding OML on input line 742.
LaTeX Font Info:    Redeclaring font encoding OMS on input line 743.
\macc@depth=\count373
LaTeX Info: Redefining \bmod on input line 904.
LaTeX Info: Redefining \pmod on input line 909.
LaTeX Info: Redefining \smash on input line 939.
LaTeX Info: Redefining \relbar on input line 969.
LaTeX Info: Redefining \Relbar on input line 970.
\c@MaxMatrixCols=\count374
\dotsspace@=\muskip18
\c@parentequation=\count375
\dspbrk@lvl=\count376
\tag@help=\toks55
\row@=\count377
\column@=\count378
\maxfields@=\count379
\andhelp@=\toks56
\eqnshift@=\dimen326
\alignsep@=\dimen327
\tagshift@=\dimen328
\tagwidth@=\dimen329
\totwidth@=\dimen330
\lineht@=\dimen331
\@envbody=\toks57
\multlinegap=\skip80
\multlinetaggap=\skip81
\mathdisplay@stack=\toks58
LaTeX Info: Redefining \[ on input line 2953.
LaTeX Info: Redefining \] on input line 2954.
)
\linenoamsmath@ams@eqpen=\count380

(C:\Program Files\MiKTeX\tex/latex/amsfonts\amssymb.sty
Package: amssymb 2013/01/14 v3.01 AMS font symbols

(C:\Program Files\MiKTeX\tex/latex/amsfonts\amsfonts.sty
Package: amsfonts 2013/01/14 v3.01 Basic AMSFonts support
\symAMSa=\mathgroup4
\symAMSb=\mathgroup5
LaTeX Font Info:    Redeclaring math symbol \hbar on input line 98.
LaTeX Font Info:    Overwriting math alphabet `\mathfrak' in version `bold'
(Font)                  U/euf/m/n --> U/euf/b/n on input line 106.
))
(C:\Users\AKAM\AppData\Roaming\MiKTeX\tex/latex/amscls\amsthm.sty
Package: amsthm 2020/05/29 v2.20.6
\thm@style=\toks59
\thm@bodyfont=\toks60
\thm@headfont=\toks61
\thm@notefont=\toks62
\thm@headpunct=\toks63
\thm@preskip=\skip82
\thm@postskip=\skip83
\thm@headsep=\skip84
\dth@everypar=\toks64
)
(C:\Program Files\MiKTeX\tex/generic/pgf/frontendlayer/tikz/libraries\tikzlibra
rymatrix.code.tex
File: tikzlibrarymatrix.code.tex 2023-01-15 v3.1.10 (3.1.10)
)
(C:\Program Files\MiKTeX\tex/generic/pgf/frontendlayer/tikz/libraries\tikzlibra
rypositioning.code.tex
File: tikzlibrarypositioning.code.tex 2023-01-15 v3.1.10 (3.1.10)
)
(C:\Users\AKAM\AppData\Roaming\MiKTeX\tex/latex/textgreek\textgreek.sty
Package: textgreek 2011/10/09 v0.7 Greek symbols in text
Package textgreek Info: Loading the definitions for the Greek fontencoding. on 
input line 39.

(C:\Users\AKAM\AppData\Roaming\MiKTeX\tex/latex/greek-fontenc\lgrenc.def
File: lgrenc.def 2023-09-12 2.5 LGR Greek font encoding definitions
Now handling font encoding LGR ...
... processing UTF-8 mapping file for font encoding LGR

(C:\Users\AKAM\AppData\Roaming\MiKTeX\tex/latex/greek-inputenc\lgrenc.dfu
File: lgrenc.dfu 2023-03-21 1.9 UTF-8 support for Greek
   defining Unicode char U+00A8 (decimal 168)
   defining Unicode char U+00AB (decimal 171)
   defining Unicode char U+00AF (decimal 175)
   defining Unicode char U+00B4 (decimal 180)
   defining Unicode char U+00B7 (decimal 183)
   defining Unicode char U+00BB (decimal 187)
   defining Unicode char U+0259 (decimal 601)
   defining Unicode char U+02D8 (decimal 728)
   defining Unicode char U+0374 (decimal 884)
   defining Unicode char U+0375 (decimal 885)
   defining Unicode char U+037A (decimal 890)
   defining Unicode char U+037E (decimal 894)
   defining Unicode char U+0384 (decimal 900)
   defining Unicode char U+0385 (decimal 901)
   defining Unicode char U+0386 (decimal 902)
   defining Unicode char U+0387 (decimal 903)
   defining Unicode char U+0388 (decimal 904)
   defining Unicode char U+0389 (decimal 905)
   defining Unicode char U+038A (decimal 906)
   defining Unicode char U+038C (decimal 908)
   defining Unicode char U+038E (decimal 910)
   defining Unicode char U+038F (decimal 911)
   defining Unicode char U+0390 (decimal 912)
   defining Unicode char U+0391 (decimal 913)
   defining Unicode char U+0392 (decimal 914)
   defining Unicode char U+0393 (decimal 915)
   defining Unicode char U+0394 (decimal 916)
   defining Unicode char U+0395 (decimal 917)
   defining Unicode char U+0396 (decimal 918)
   defining Unicode char U+0397 (decimal 919)
   defining Unicode char U+0398 (decimal 920)
   defining Unicode char U+0399 (decimal 921)
   defining Unicode char U+039A (decimal 922)
   defining Unicode char U+039B (decimal 923)
   defining Unicode char U+039C (decimal 924)
   defining Unicode char U+039D (decimal 925)
   defining Unicode char U+039E (decimal 926)
   defining Unicode char U+039F (decimal 927)
   defining Unicode char U+03A0 (decimal 928)
   defining Unicode char U+03A1 (decimal 929)
   defining Unicode char U+03A3 (decimal 931)
   defining Unicode char U+03A4 (decimal 932)
   defining Unicode char U+03A5 (decimal 933)
   defining Unicode char U+03A6 (decimal 934)
   defining Unicode char U+03A7 (decimal 935)
   defining Unicode char U+03A8 (decimal 936)
   defining Unicode char U+03A9 (decimal 937)
   defining Unicode char U+03AA (decimal 938)
   defining Unicode char U+03AB (decimal 939)
   defining Unicode char U+03AC (decimal 940)
   defining Unicode char U+03AD (decimal 941)
   defining Unicode char U+03AE (decimal 942)
   defining Unicode char U+03AF (decimal 943)
   defining Unicode char U+03B0 (decimal 944)
   defining Unicode char U+03B1 (decimal 945)
   defining Unicode char U+03B2 (decimal 946)
   defining Unicode char U+03B3 (decimal 947)
   defining Unicode char U+03B4 (decimal 948)
   defining Unicode char U+03B5 (decimal 949)
   defining Unicode char U+03B6 (decimal 950)
   defining Unicode char U+03B7 (decimal 951)
   defining Unicode char U+03B8 (decimal 952)
   defining Unicode char U+03B9 (decimal 953)
   defining Unicode char U+03BA (decimal 954)
   defining Unicode char U+03BB (decimal 955)
   defining Unicode char U+03BC (decimal 956)
   defining Unicode char U+03BD (decimal 957)
   defining Unicode char U+03BE (decimal 958)
   defining Unicode char U+03BF (decimal 959)
   defining Unicode char U+03C0 (decimal 960)
   defining Unicode char U+03C1 (decimal 961)
   defining Unicode char U+03C2 (decimal 962)
   defining Unicode char U+03C3 (decimal 963)
   defining Unicode char U+03C4 (decimal 964)
   defining Unicode char U+03C5 (decimal 965)
   defining Unicode char U+03C6 (decimal 966)
   defining Unicode char U+03C7 (decimal 967)
   defining Unicode char U+03C8 (decimal 968)
   defining Unicode char U+03C9 (decimal 969)
   defining Unicode char U+03CA (decimal 970)
   defining Unicode char U+03CB (decimal 971)
   defining Unicode char U+03CC (decimal 972)
   defining Unicode char U+03CD (decimal 973)
   defining Unicode char U+03CE (decimal 974)
   defining Unicode char U+03D0 (decimal 976)
   defining Unicode char U+03D1 (decimal 977)
   defining Unicode char U+03D5 (decimal 981)
   defining Unicode char U+03D6 (decimal 982)
   defining Unicode char U+03D8 (decimal 984)
   defining Unicode char U+03D9 (decimal 985)
   defining Unicode char U+03DA (decimal 986)
   defining Unicode char U+03DB (decimal 987)
   defining Unicode char U+03DC (decimal 988)
   defining Unicode char U+03DD (decimal 989)
   defining Unicode char U+03DE (decimal 990)
   defining Unicode char U+03DF (decimal 991)
   defining Unicode char U+03E0 (decimal 992)
   defining Unicode char U+03E1 (decimal 993)
   defining Unicode char U+03F0 (decimal 1008)
   defining Unicode char U+03F1 (decimal 1009)
   defining Unicode char U+03F4 (decimal 1012)
   defining Unicode char U+03F5 (decimal 1013)
   defining Unicode char U+1F00 (decimal 7936)
   defining Unicode char U+1F01 (decimal 7937)
   defining Unicode char U+1F02 (decimal 7938)
   defining Unicode char U+1F03 (decimal 7939)
   defining Unicode char U+1F04 (decimal 7940)
   defining Unicode char U+1F05 (decimal 7941)
   defining Unicode char U+1F06 (decimal 7942)
   defining Unicode char U+1F07 (decimal 7943)
   defining Unicode char U+1F08 (decimal 7944)
   defining Unicode char U+1F09 (decimal 7945)
   defining Unicode char U+1F0A (decimal 7946)
   defining Unicode char U+1F0B (decimal 7947)
   defining Unicode char U+1F0C (decimal 7948)
   defining Unicode char U+1F0D (decimal 7949)
   defining Unicode char U+1F0E (decimal 7950)
   defining Unicode char U+1F0F (decimal 7951)
   defining Unicode char U+1F10 (decimal 7952)
   defining Unicode char U+1F11 (decimal 7953)
   defining Unicode char U+1F12 (decimal 7954)
   defining Unicode char U+1F13 (decimal 7955)
   defining Unicode char U+1F14 (decimal 7956)
   defining Unicode char U+1F15 (decimal 7957)
   defining Unicode char U+1F18 (decimal 7960)
   defining Unicode char U+1F19 (decimal 7961)
   defining Unicode char U+1F1A (decimal 7962)
   defining Unicode char U+1F1B (decimal 7963)
   defining Unicode char U+1F1C (decimal 7964)
   defining Unicode char U+1F1D (decimal 7965)
   defining Unicode char U+1F20 (decimal 7968)
   defining Unicode char U+1F21 (decimal 7969)
   defining Unicode char U+1F22 (decimal 7970)
   defining Unicode char U+1F23 (decimal 7971)
   defining Unicode char U+1F24 (decimal 7972)
   defining Unicode char U+1F25 (decimal 7973)
   defining Unicode char U+1F26 (decimal 7974)
   defining Unicode char U+1F27 (decimal 7975)
   defining Unicode char U+1F28 (decimal 7976)
   defining Unicode char U+1F29 (decimal 7977)
   defining Unicode char U+1F2A (decimal 7978)
   defining Unicode char U+1F2B (decimal 7979)
   defining Unicode char U+1F2C (decimal 7980)
   defining Unicode char U+1F2D (decimal 7981)
   defining Unicode char U+1F2E (decimal 7982)
   defining Unicode char U+1F2F (decimal 7983)
   defining Unicode char U+1F30 (decimal 7984)
   defining Unicode char U+1F31 (decimal 7985)
   defining Unicode char U+1F32 (decimal 7986)
   defining Unicode char U+1F33 (decimal 7987)
   defining Unicode char U+1F34 (decimal 7988)
   defining Unicode char U+1F35 (decimal 7989)
   defining Unicode char U+1F36 (decimal 7990)
   defining Unicode char U+1F37 (decimal 7991)
   defining Unicode char U+1F38 (decimal 7992)
   defining Unicode char U+1F39 (decimal 7993)
   defining Unicode char U+1F3A (decimal 7994)
   defining Unicode char U+1F3B (decimal 7995)
   defining Unicode char U+1F3C (decimal 7996)
   defining Unicode char U+1F3D (decimal 7997)
   defining Unicode char U+1F3E (decimal 7998)
   defining Unicode char U+1F3F (decimal 7999)
   defining Unicode char U+1F40 (decimal 8000)
   defining Unicode char U+1F41 (decimal 8001)
   defining Unicode char U+1F42 (decimal 8002)
   defining Unicode char U+1F43 (decimal 8003)
   defining Unicode char U+1F44 (decimal 8004)
   defining Unicode char U+1F45 (decimal 8005)
   defining Unicode char U+1F48 (decimal 8008)
   defining Unicode char U+1F49 (decimal 8009)
   defining Unicode char U+1F4A (decimal 8010)
   defining Unicode char U+1F4B (decimal 8011)
   defining Unicode char U+1F4C (decimal 8012)
   defining Unicode char U+1F4D (decimal 8013)
   defining Unicode char U+1F50 (decimal 8016)
   defining Unicode char U+1F51 (decimal 8017)
   defining Unicode char U+1F52 (decimal 8018)
   defining Unicode char U+1F53 (decimal 8019)
   defining Unicode char U+1F54 (decimal 8020)
   defining Unicode char U+1F55 (decimal 8021)
   defining Unicode char U+1F56 (decimal 8022)
   defining Unicode char U+1F57 (decimal 8023)
   defining Unicode char U+1F59 (decimal 8025)
   defining Unicode char U+1F5B (decimal 8027)
   defining Unicode char U+1F5D (decimal 8029)
   defining Unicode char U+1F5F (decimal 8031)
   defining Unicode char U+1F60 (decimal 8032)
   defining Unicode char U+1F61 (decimal 8033)
   defining Unicode char U+1F62 (decimal 8034)
   defining Unicode char U+1F63 (decimal 8035)
   defining Unicode char U+1F64 (decimal 8036)
   defining Unicode char U+1F65 (decimal 8037)
   defining Unicode char U+1F66 (decimal 8038)
   defining Unicode char U+1F67 (decimal 8039)
   defining Unicode char U+1F68 (decimal 8040)
   defining Unicode char U+1F69 (decimal 8041)
   defining Unicode char U+1F6A (decimal 8042)
   defining Unicode char U+1F6B (decimal 8043)
   defining Unicode char U+1F6C (decimal 8044)
   defining Unicode char U+1F6D (decimal 8045)
   defining Unicode char U+1F6E (decimal 8046)
   defining Unicode char U+1F6F (decimal 8047)
   defining Unicode char U+1F70 (decimal 8048)
   defining Unicode char U+1F71 (decimal 8049)
   defining Unicode char U+1F72 (decimal 8050)
   defining Unicode char U+1F73 (decimal 8051)
   defining Unicode char U+1F74 (decimal 8052)
   defining Unicode char U+1F75 (decimal 8053)
   defining Unicode char U+1F76 (decimal 8054)
   defining Unicode char U+1F77 (decimal 8055)
   defining Unicode char U+1F78 (decimal 8056)
   defining Unicode char U+1F79 (decimal 8057)
   defining Unicode char U+1F7A (decimal 8058)
   defining Unicode char U+1F7B (decimal 8059)
   defining Unicode char U+1F7C (decimal 8060)
   defining Unicode char U+1F7D (decimal 8061)
   defining Unicode char U+1F80 (decimal 8064)
   defining Unicode char U+1F81 (decimal 8065)
   defining Unicode char U+1F82 (decimal 8066)
   defining Unicode char U+1F83 (decimal 8067)
   defining Unicode char U+1F84 (decimal 8068)
   defining Unicode char U+1F85 (decimal 8069)
   defining Unicode char U+1F86 (decimal 8070)
   defining Unicode char U+1F87 (decimal 8071)
   defining Unicode char U+1F88 (decimal 8072)
   defining Unicode char U+1F89 (decimal 8073)
   defining Unicode char U+1F8A (decimal 8074)
   defining Unicode char U+1F8B (decimal 8075)
   defining Unicode char U+1F8C (decimal 8076)
   defining Unicode char U+1F8D (decimal 8077)
   defining Unicode char U+1F8E (decimal 8078)
   defining Unicode char U+1F8F (decimal 8079)
   defining Unicode char U+1F90 (decimal 8080)
   defining Unicode char U+1F91 (decimal 8081)
   defining Unicode char U+1F92 (decimal 8082)
   defining Unicode char U+1F93 (decimal 8083)
   defining Unicode char U+1F94 (decimal 8084)
   defining Unicode char U+1F95 (decimal 8085)
   defining Unicode char U+1F96 (decimal 8086)
   defining Unicode char U+1F97 (decimal 8087)
   defining Unicode char U+1F98 (decimal 8088)
   defining Unicode char U+1F99 (decimal 8089)
   defining Unicode char U+1F9A (decimal 8090)
   defining Unicode char U+1F9B (decimal 8091)
   defining Unicode char U+1F9C (decimal 8092)
   defining Unicode char U+1F9D (decimal 8093)
   defining Unicode char U+1F9E (decimal 8094)
   defining Unicode char U+1F9F (decimal 8095)
   defining Unicode char U+1FA0 (decimal 8096)
   defining Unicode char U+1FA1 (decimal 8097)
   defining Unicode char U+1FA2 (decimal 8098)
   defining Unicode char U+1FA3 (decimal 8099)
   defining Unicode char U+1FA4 (decimal 8100)
   defining Unicode char U+1FA5 (decimal 8101)
   defining Unicode char U+1FA6 (decimal 8102)
   defining Unicode char U+1FA7 (decimal 8103)
   defining Unicode char U+1FA8 (decimal 8104)
   defining Unicode char U+1FA9 (decimal 8105)
   defining Unicode char U+1FAA (decimal 8106)
   defining Unicode char U+1FAB (decimal 8107)
   defining Unicode char U+1FAC (decimal 8108)
   defining Unicode char U+1FAD (decimal 8109)
   defining Unicode char U+1FAE (decimal 8110)
   defining Unicode char U+1FAF (decimal 8111)
   defining Unicode char U+1FB0 (decimal 8112)
   defining Unicode char U+1FB1 (decimal 8113)
   defining Unicode char U+1FB2 (decimal 8114)
   defining Unicode char U+1FB3 (decimal 8115)
   defining Unicode char U+1FB4 (decimal 8116)
   defining Unicode char U+1FB6 (decimal 8118)
   defining Unicode char U+1FB7 (decimal 8119)
   defining Unicode char U+1FB8 (decimal 8120)
   defining Unicode char U+1FB9 (decimal 8121)
   defining Unicode char U+1FBA (decimal 8122)
   defining Unicode char U+1FBB (decimal 8123)
   defining Unicode char U+1FBC (decimal 8124)
   defining Unicode char U+1FBD (decimal 8125)
   defining Unicode char U+1FBE (decimal 8126)
   defining Unicode char U+1FBF (decimal 8127)
   defining Unicode char U+1FC0 (decimal 8128)
   defining Unicode char U+1FC1 (decimal 8129)
   defining Unicode char U+1FC2 (decimal 8130)
   defining Unicode char U+1FC3 (decimal 8131)
   defining Unicode char U+1FC4 (decimal 8132)
   defining Unicode char U+1FC6 (decimal 8134)
   defining Unicode char U+1FC7 (decimal 8135)
   defining Unicode char U+1FC8 (decimal 8136)
   defining Unicode char U+1FC9 (decimal 8137)
   defining Unicode char U+1FCA (decimal 8138)
   defining Unicode char U+1FCB (decimal 8139)
   defining Unicode char U+1FCC (decimal 8140)
   defining Unicode char U+1FCD (decimal 8141)
   defining Unicode char U+1FCE (decimal 8142)
   defining Unicode char U+1FCF (decimal 8143)
   defining Unicode char U+1FD0 (decimal 8144)
   defining Unicode char U+1FD1 (decimal 8145)
   defining Unicode char U+1FD2 (decimal 8146)
   defining Unicode char U+1FD3 (decimal 8147)
   defining Unicode char U+1FD6 (decimal 8150)
   defining Unicode char U+1FD7 (decimal 8151)
   defining Unicode char U+1FD8 (decimal 8152)
   defining Unicode char U+1FD9 (decimal 8153)
   defining Unicode char U+1FDA (decimal 8154)
   defining Unicode char U+1FDB (decimal 8155)
   defining Unicode char U+1FDD (decimal 8157)
   defining Unicode char U+1FDE (decimal 8158)
   defining Unicode char U+1FDF (decimal 8159)
   defining Unicode char U+1FE0 (decimal 8160)
   defining Unicode char U+1FE1 (decimal 8161)
   defining Unicode char U+1FE2 (decimal 8162)
   defining Unicode char U+1FE3 (decimal 8163)
   defining Unicode char U+1FE4 (decimal 8164)
   defining Unicode char U+1FE5 (decimal 8165)
   defining Unicode char U+1FE6 (decimal 8166)
   defining Unicode char U+1FE7 (decimal 8167)
   defining Unicode char U+1FE8 (decimal 8168)
   defining Unicode char U+1FE9 (decimal 8169)
   defining Unicode char U+1FEA (decimal 8170)
   defining Unicode char U+1FEB (decimal 8171)
   defining Unicode char U+1FEC (decimal 8172)
   defining Unicode char U+1FED (decimal 8173)
   defining Unicode char U+1FEE (decimal 8174)
   defining Unicode char U+1FEF (decimal 8175)
   defining Unicode char U+1FF2 (decimal 8178)
   defining Unicode char U+1FF3 (decimal 8179)
   defining Unicode char U+1FF4 (decimal 8180)
   defining Unicode char U+1FF6 (decimal 8182)
   defining Unicode char U+1FF7 (decimal 8183)
   defining Unicode char U+1FF8 (decimal 8184)
   defining Unicode char U+1FF9 (decimal 8185)
   defining Unicode char U+1FFA (decimal 8186)
   defining Unicode char U+1FFB (decimal 8187)
   defining Unicode char U+1FFC (decimal 8188)
   defining Unicode char U+1FFD (decimal 8189)
   defining Unicode char U+1FFE (decimal 8190)
   defining Unicode char U+2013 (decimal 8211)
   defining Unicode char U+2014 (decimal 8212)
   defining Unicode char U+2018 (decimal 8216)
   defining Unicode char U+2019 (decimal 8217)
   defining Unicode char U+201A (decimal 8218)
   defining Unicode char U+2030 (decimal 8240)
   defining Unicode char U+2039 (decimal 8249)
   defining Unicode char U+203A (decimal 8250)
   defining Unicode char U+20AC (decimal 8364)
   defining Unicode char U+2126 (decimal 8486)
   defining Unicode char U+10144 (decimal 65860)
   defining Unicode char U+10145 (decimal 65861)
   defining Unicode char U+10146 (decimal 65862)
   defining Unicode char U+10147 (decimal 65863)
)
(C:\Users\AKAM\AppData\Roaming\MiKTeX\tex/latex/greek-fontenc\greek-fontenc.def
File: greek-fontenc.def 2023-09-12 2.5 Common Greek font encoding definitions
))
Package textgreek Info: Loaded fontmap: {eur/*/*}{U/eur/*/*} {phv/*/*}{U/psy/*/
*}. on input line 69.
)
\c@comp=\count381
\c@theo=\count382
\c@defn=\count383
\c@lem=\count384
\c@prop=\count385
\c@axiom=\count386
\c@post=\count387
\c@trans=\count388
\c@transf=\count389
\c@law=\count390
\c@prob=\count391
\c@soln=\count392
\c@alg=\count393
 (C:\Users\AKAM\AppData\Roaming\MiKTeX\tex/latex/wrapfig\wrapfig.sty
\wrapoverhang=\dimen332
\WF@size=\dimen333
\c@WF@wrappedlines=\count394
\WF@box=\box101
\WF@everypar=\toks65
Package: wrapfig 2003/01/31  v 3.6
)
(C:\Users\AKAM\AppData\Roaming\MiKTeX\tex/latex/pdfpages\pdfpages.sty
Package: pdfpages 2024/08/20 v0.6b Insert pages of external PDF documents (AM)

(C:\Program Files\MiKTeX\tex/latex/base\ifthen.sty
Package: ifthen 2024/03/16 v1.1e Standard LaTeX ifthen package (DPC)
)
(C:\Users\AKAM\AppData\Roaming\MiKTeX\tex/latex/eso-pic\eso-pic.sty
Package: eso-pic 2023/05/03 v3.0c eso-pic (RN)
\ESO@tempdima=\dimen334
\ESO@tempdimb=\dimen335
)
\AM@pagewidth=\dimen336
\AM@pageheight=\dimen337
\AM@fboxrule=\dimen338

(C:\Users\AKAM\AppData\Roaming\MiKTeX\tex/latex/pdfpages\pppdftex.def
File: pppdftex.def 2024/08/20 v0.6b Pdfpages driver for pdfTeX (AM)
)
\pdfpages@includegraphics@status=\count395
\AM@pagebox=\box102
\AM@global@opts=\toks66
\AM@pagecnt=\count396
\AM@toc@title=\toks67
\AM@lof@heading=\toks68
\c@AM@survey=\count397
\AM@templatesizebox=\box103
)
(C:\Program Files\MiKTeX\tex/latex/l3backend\l3backend-pdftex.def
File: l3backend-pdftex.def 2024-05-08 L3 backend support: PDF output (pdfTeX)
\l__color_backend_stack_int=\count398
\l__pdf_internal_box=\box104
)

LaTeX Warning: Unused global option(s):
    [18pt].

(TAZ_BOOK.aux

LaTeX Warning: Label `FIGC7' multiply defined.


LaTeX Warning: Label `FIGD' multiply defined.


LaTeX Warning: Label `FIGKEX1' multiply defined.


LaTeX Warning: Label `FIGR3' multiply defined.


LaTeX Warning: Label `FIGSGMSCREEN2' multiply defined.


LaTeX Warning: Label `FIGSIRGAME2' multiply defined.


LaTeX Warning: Label `DEFMSSFINb' multiply defined.


LaTeX Warning: Label `TRANSMSSGENb' multiply defined.


LaTeX Warning: Label `FIGNSIGIL' multiply defined.


LaTeX Warning: Label `sub@FIGNSIGIL' multiply defined.


LaTeX Warning: Label `FIGNSIGIL2' multiply defined.


LaTeX Warning: Label `sub@FIGNSIGIL2' multiply defined.


LaTeX Warning: Label `FIGNSIGIL3' multiply defined.


LaTeX Warning: Label `SECEXAMPI' multiply defined.


LaTeX Warning: Label `SECTOSSPEC' multiply defined.


LaTeX Warning: Label `FIGTOS1' multiply defined.


! LaTeX Error: Missing \begin{document}.

See the LaTeX manual or LaTeX Companion for explanation.
Type  H <return>  for immediate help.
 ...                                              
                                                  
l.1287 c
        ient craft of using knowledge of science and philosophy to prepare s...

You're in trouble here.  Try typing  <return>  to proceed.
If that doesn't work, type  X <return>  to quit.

! Extra }, or forgotten \endgroup.
<recently read> }
                 
l.1287 ...{Fut. Prof. J. Willrich Lutalo C.M.R.W}}
                                                  {figure.caption.266}{}}
I've deleted a group-closing symbol because it seems to be
spurious, as in `$x}$'. But perhaps the } is legitimate and
you forgot something else, as in `\hbox{$x}'. In such cases
the way to recover is to insert both the forgotten and the
deleted material, e.g., by typing `I$}'.

! Extra }, or forgotten \endgroup.
l.1287 ... Lutalo C.M.R.W}}{figure.caption.266}{}}
                                                  
I've deleted a group-closing symbol because it seems to be
spurious, as in `$x}$'. But perhaps the } is legitimate and
you forgot something else, as in `\hbox{$x}'. In such cases
the way to recover is to insert both the forgotten and the
deleted material, e.g., by typing `I$}'.

)
\openout1 = `TAZ_BOOK.aux'.

LaTeX Font Info:    Checking defaults for OML/cmm/m/it on input line 328.
LaTeX Font Info:    ... okay on input line 328.
LaTeX Font Info:    Checking defaults for OMS/cmsy/m/n on input line 328.
LaTeX Font Info:    ... okay on input line 328.
LaTeX Font Info:    Checking defaults for OT1/cmr/m/n on input line 328.
LaTeX Font Info:    ... okay on input line 328.
LaTeX Font Info:    Checking defaults for T1/cmr/m/n on input line 328.
LaTeX Font Info:    ... okay on input line 328.
LaTeX Font Info:    Checking defaults for TS1/cmr/m/n on input line 328.
LaTeX Font Info:    ... okay on input line 328.
LaTeX Font Info:    Checking defaults for OMX/cmex/m/n on input line 328.
LaTeX Font Info:    ... okay on input line 328.
LaTeX Font Info:    Checking defaults for U/cmr/m/n on input line 328.
LaTeX Font Info:    ... okay on input line 328.
LaTeX Font Info:    Checking defaults for PD1/pdf/m/n on input line 328.
LaTeX Font Info:    ... okay on input line 328.
LaTeX Font Info:    Checking defaults for PU/pdf/m/n on input line 328.
LaTeX Font Info:    ... okay on input line 328.
LaTeX Font Info:    Checking defaults for LGR/cmr/m/n on input line 328.
LaTeX Font Info:    Trying to load font information for LGR+cmr on input line 3
28.
 (C:\Users\AKAM\AppData\Roaming\MiKTeX\tex/latex/cbfonts-fd\lgrcmr.fd
File: lgrcmr.fd 2017/07/29 v1.2 Greek European Computer Regular
)
LaTeX Font Info:    ... okay on input line 328.

*geometry* driver: auto-detecting
*geometry* detected driver: pdftex
*geometry* verbose mode - [ preamble ] result:
* driver: pdftex
* paper: a4paper
* layout: <same size as paper>
* layoutoffset:(h,v)=(0.0pt,0.0pt)
* modes: twoside 
* h-part:(L,W,R)=(57.81621pt, 496.32924pt, 43.36243pt)
* v-part:(T,H,B)=(57.81621pt, 729.41443pt, 57.81621pt)
* \paperwidth=597.50787pt
* \paperheight=845.04684pt
* \textwidth=496.32924pt
* \textheight=729.41443pt
* \oddsidemargin=-14.45378pt
* \evensidemargin=-28.90756pt
* \topmargin=-44.52127pt
* \headheight=12.0pt
* \headsep=18.06749pt
* \topskip=10.0pt
* \footskip=25.29494pt
* \marginparwidth=115.0pt
* \marginparsep=7.0pt
* \columnsep=10.0pt
* \skip\footins=9.0pt plus 4.0pt minus 2.0pt
* \hoffset=0.0pt
* \voffset=0.0pt
* \mag=1000
* \@twocolumnfalse
* \@twosidetrue
* \@mparswitchtrue
* \@reversemarginfalse
* (1in=72.27pt=25.4mm, 1cm=28.453pt)

(C:\Program Files\MiKTeX\tex/context/base/mkii\supp-pdf.mkii
[Loading MPS to PDF converter (version 2006.09.02).]
\scratchcounter=\count399
\scratchdimen=\dimen339
\scratchbox=\box105
\nofMPsegments=\count400
\nofMParguments=\count401
\everyMPshowfont=\toks69
\MPscratchCnt=\count402
\MPscratchDim=\dimen340
\MPnumerator=\count403
\makeMPintoPDFobject=\count404
\everyMPtoPDFconversion=\toks70
) (C:\Program Files\MiKTeX\tex/latex/epstopdf-pkg\epstopdf-base.sty
Package: epstopdf-base 2020-01-24 v2.11 Base part for package epstopdf
Package epstopdf-base Info: Redefining graphics rule for `.eps' on input line 4
85.

(C:\Program Files\MiKTeX\tex/latex/00miktex\epstopdf-sys.cfg
File: epstopdf-sys.cfg 2021/03/18 v2.0 Configuration of epstopdf for MiKTeX
))
Package caption Info: Begin \AtBeginDocument code.
Package caption Info: float package is loaded.
Package caption Info: hyperref package is loaded.
Package caption Info: listings package is loaded.
Package caption Info: longtable package is loaded.

(C:\Users\AKAM\AppData\Roaming\MiKTeX\tex/latex/caption\ltcaption.sty
Package: ltcaption 2021/01/08 v1.4c longtable captions (AR)
)
Package caption Info: wrapfig package is loaded.
Package caption Info: End \AtBeginDocument code.
Package hyperref Info: Link coloring OFF on input line 328.

(TAZ_BOOK.out) (TAZ_BOOK.out)
\@outlinefile=\write5
\openout5 = `TAZ_BOOK.out'.


(C:\Program Files\MiKTeX\tex/latex/base\textcomp.sty
Package: textcomp 2024/04/24 v2.1b Standard LaTeX package
)
\c@lstlisting=\count405

(C:\Users\AKAM\AppData\Roaming\MiKTeX\tex/latex/pdflscape\pdflscape.sty
Package: pdflscape 2022-10-27 v0.13 Display of landscape pages in PDF

(C:\Users\AKAM\AppData\Roaming\MiKTeX\tex/latex/pdflscape\pdflscape-nometadata.
sty
Package: pdflscape-nometadata 2022-10-28 v0.13 Display of landscape pages in PD
F (HO)
 (C:\Program Files\MiKTeX\tex/latex/graphics\lscape.sty
Package: lscape 2020/05/28 v3.02 Landscape Pages (DPC)
)
Package pdflscape Info: Auto-detected driver: pdftex on input line 81.
))

[1{C:/Users/AKAM/AppData/Local/MiKTeX/fonts/map/pdftex/pdftex.map}

]

[2

]

pdfTeX warning: pdflatex (file ../taz_front_cover.pdf): PDF inclusion: found PD
F version <1.7>, but at most version <1.5> allowed
<../taz_front_cover.pdf, id=862, 596.98032pt x 844.65562pt>
File: ../taz_front_cover.pdf Graphic file (type pdf)
<use ../taz_front_cover.pdf>
Package pdftex.def Info: ../taz_front_cover.pdf  used on input line 340.
(pdftex.def)             Requested size: 596.97885pt x 844.65356pt.


pdfTeX warning: pdflatex (file ../taz_front_cover.pdf): PDF inclusion: found PD
F version <1.7>, but at most version <1.5> allowed
File: ../taz_front_cover.pdf Graphic file (type pdf)
<use ../taz_front_cover.pdf>
Package pdftex.def Info: ../taz_front_cover.pdf  used on input line 340.
(pdftex.def)             Requested size: 596.97885pt x 844.65356pt.


pdfTeX warning: pdflatex (file ../taz_front_cover.pdf): PDF inclusion: found PD
F version <1.7>, but at most version <1.5> allowed


pdfTeX warning: pdflatex (file ../taz_front_cover.pdf): PDF inclusion: found PD
F version <1.7>, but at most version <1.5> allowed
<../taz_front_cover.pdf, id=865, page=1, 596.98032pt x 844.65562pt>
File: ../taz_front_cover.pdf Graphic file (type pdf)
<use ../taz_front_cover.pdf, page 1>
Package pdftex.def Info: ../taz_front_cover.pdf , page1 used on input line 340.

(pdftex.def)             Requested size: 596.97885pt x 844.65356pt.
File: ../taz_front_cover.pdf Graphic file (type pdf)
<use ../taz_front_cover.pdf, page 1>
Package pdftex.def Info: ../taz_front_cover.pdf , page1 used on input line 340.

(pdftex.def)             Requested size: 597.71669pt x 845.69751pt.
File: ../taz_front_cover.pdf Graphic file (type pdf)
<use ../taz_front_cover.pdf, page 1>
Package pdftex.def Info: ../taz_front_cover.pdf , page1 used on input line 340.

(pdftex.def)             Requested size: 597.71669pt x 845.69751pt.
File: ../taz_front_cover.pdf Graphic file (type pdf)
<use ../taz_front_cover.pdf, page 1>
Package pdftex.def Info: ../taz_front_cover.pdf , page1 used on input line 340.

(pdftex.def)             Requested size: 597.71669pt x 845.69751pt.


File: ../taz_front_cover.pdf Graphic file (type pdf)
<use ../taz_front_cover.pdf, page 1>
Package pdftex.def Info: ../taz_front_cover.pdf , page1 used on input line 340.

(pdftex.def)             Requested size: 597.71669pt x 845.69751pt.
[1

 <../taz_front_cover.pdf>]
<resources/pdfs/FrontisMatter.pdf, id=879, 614.295pt x 794.97pt>
File: resources/pdfs/FrontisMatter.pdf Graphic file (type pdf)
<use resources/pdfs/FrontisMatter.pdf>
Package pdftex.def Info: resources/pdfs/FrontisMatter.pdf  used on input line 3
44.
(pdftex.def)             Requested size: 614.29349pt x 794.96806pt.
File: resources/pdfs/FrontisMatter.pdf Graphic file (type pdf)
<use resources/pdfs/FrontisMatter.pdf>
Package pdftex.def Info: resources/pdfs/FrontisMatter.pdf  used on input line 3
44.
(pdftex.def)             Requested size: 614.29349pt x 794.96806pt.
<resources/pdfs/FrontisMatter.pdf, id=882, page=1, 614.295pt x 794.97pt>
File: resources/pdfs/FrontisMatter.pdf Graphic file (type pdf)
<use resources/pdfs/FrontisMatter.pdf, page 1>
Package pdftex.def Info: resources/pdfs/FrontisMatter.pdf , page1 used on input
 line 344.
(pdftex.def)             Requested size: 614.29349pt x 794.96806pt.
File: resources/pdfs/FrontisMatter.pdf Graphic file (type pdf)
<use resources/pdfs/FrontisMatter.pdf, page 1>
Package pdftex.def Info: resources/pdfs/FrontisMatter.pdf , page1 used on input
 line 344.
(pdftex.def)             Requested size: 597.78697pt x 773.60669pt.
File: resources/pdfs/FrontisMatter.pdf Graphic file (type pdf)
<use resources/pdfs/FrontisMatter.pdf, page 1>
Package pdftex.def Info: resources/pdfs/FrontisMatter.pdf , page1 used on input
 line 344.
(pdftex.def)             Requested size: 597.78697pt x 773.60669pt.
File: resources/pdfs/FrontisMatter.pdf Graphic file (type pdf)
<use resources/pdfs/FrontisMatter.pdf, page 1>
Package pdftex.def Info: resources/pdfs/FrontisMatter.pdf , page1 used on input
 line 344.
(pdftex.def)             Requested size: 597.78697pt x 773.60669pt.


File: resources/pdfs/FrontisMatter.pdf Graphic file (type pdf)
<use resources/pdfs/FrontisMatter.pdf, page 1>
Package pdftex.def Info: resources/pdfs/FrontisMatter.pdf , page1 used on input
 line 344.
(pdftex.def)             Requested size: 597.78697pt x 773.60669pt.
[2

 <./resources/pdfs/FrontisMatter.pdf>]
<resources/pdfs/FrontisMatter.pdf, id=914, page=2, 614.295pt x 794.97pt>
File: resources/pdfs/FrontisMatter.pdf Graphic file (type pdf)
<use resources/pdfs/FrontisMatter.pdf, page 2>
Package pdftex.def Info: resources/pdfs/FrontisMatter.pdf , page2 used on input
 line 344.
(pdftex.def)             Requested size: 597.78697pt x 773.60669pt.
File: resources/pdfs/FrontisMatter.pdf Graphic file (type pdf)
<use resources/pdfs/FrontisMatter.pdf, page 2>
Package pdftex.def Info: resources/pdfs/FrontisMatter.pdf , page2 used on input
 line 344.
(pdftex.def)             Requested size: 597.78697pt x 773.60669pt.


File: resources/pdfs/FrontisMatter.pdf Graphic file (type pdf)
<use resources/pdfs/FrontisMatter.pdf, page 2>
Package pdftex.def Info: resources/pdfs/FrontisMatter.pdf , page2 used on input
 line 344.
(pdftex.def)             Requested size: 597.78697pt x 773.60669pt.
[3

 <./resources/pdfs/FrontisMatter.pdf>]
<resources/pdfs/FrontisMatter.pdf, id=931, page=3, 614.295pt x 794.97pt>
File: resources/pdfs/FrontisMatter.pdf Graphic file (type pdf)
<use resources/pdfs/FrontisMatter.pdf, page 3>
Package pdftex.def Info: resources/pdfs/FrontisMatter.pdf , page3 used on input
 line 344.
(pdftex.def)             Requested size: 597.78697pt x 773.60669pt.
File: resources/pdfs/FrontisMatter.pdf Graphic file (type pdf)
<use resources/pdfs/FrontisMatter.pdf, page 3>
Package pdftex.def Info: resources/pdfs/FrontisMatter.pdf , page3 used on input
 line 344.
(pdftex.def)             Requested size: 597.78697pt x 773.60669pt.


File: resources/pdfs/FrontisMatter.pdf Graphic file (type pdf)
<use resources/pdfs/FrontisMatter.pdf, page 3>
Package pdftex.def Info: resources/pdfs/FrontisMatter.pdf , page3 used on input
 line 344.
(pdftex.def)             Requested size: 597.78697pt x 773.60669pt.
[4

 <./resources/pdfs/FrontisMatter.pdf>]
<resources/pdfs/FrontisMatter.pdf, id=948, page=4, 614.295pt x 794.97pt>
File: resources/pdfs/FrontisMatter.pdf Graphic file (type pdf)
<use resources/pdfs/FrontisMatter.pdf, page 4>
Package pdftex.def Info: resources/pdfs/FrontisMatter.pdf , page4 used on input
 line 344.
(pdftex.def)             Requested size: 597.78697pt x 773.60669pt.
File: resources/pdfs/FrontisMatter.pdf Graphic file (type pdf)
<use resources/pdfs/FrontisMatter.pdf, page 4>
Package pdftex.def Info: resources/pdfs/FrontisMatter.pdf , page4 used on input
 line 344.
(pdftex.def)             Requested size: 597.78697pt x 773.60669pt.


File: resources/pdfs/FrontisMatter.pdf Graphic file (type pdf)
<use resources/pdfs/FrontisMatter.pdf, page 4>
Package pdftex.def Info: resources/pdfs/FrontisMatter.pdf , page4 used on input
 line 344.
(pdftex.def)             Requested size: 597.78697pt x 773.60669pt.
[5

 <./resources/pdfs/FrontisMatter.pdf>]
<resources/pdfs/FrontisMatter.pdf, id=955, page=5, 614.295pt x 794.97pt>
File: resources/pdfs/FrontisMatter.pdf Graphic file (type pdf)
<use resources/pdfs/FrontisMatter.pdf, page 5>
Package pdftex.def Info: resources/pdfs/FrontisMatter.pdf , page5 used on input
 line 344.
(pdftex.def)             Requested size: 597.78697pt x 773.60669pt.
File: resources/pdfs/FrontisMatter.pdf Graphic file (type pdf)
<use resources/pdfs/FrontisMatter.pdf, page 5>
Package pdftex.def Info: resources/pdfs/FrontisMatter.pdf , page5 used on input
 line 344.
(pdftex.def)             Requested size: 597.78697pt x 773.60669pt.


File: resources/pdfs/FrontisMatter.pdf Graphic file (type pdf)
<use resources/pdfs/FrontisMatter.pdf, page 5>
Package pdftex.def Info: resources/pdfs/FrontisMatter.pdf , page5 used on input
 line 344.
(pdftex.def)             Requested size: 597.78697pt x 773.60669pt.
[6

 <./resources/pdfs/FrontisMatter.pdf>]
<resources/pdfs/FrontisMatter.pdf, id=968, page=6, 614.295pt x 794.97pt>
File: resources/pdfs/FrontisMatter.pdf Graphic file (type pdf)
<use resources/pdfs/FrontisMatter.pdf, page 6>
Package pdftex.def Info: resources/pdfs/FrontisMatter.pdf , page6 used on input
 line 344.
(pdftex.def)             Requested size: 597.78697pt x 773.60669pt.
File: resources/pdfs/FrontisMatter.pdf Graphic file (type pdf)
<use resources/pdfs/FrontisMatter.pdf, page 6>
Package pdftex.def Info: resources/pdfs/FrontisMatter.pdf , page6 used on input
 line 344.
(pdftex.def)             Requested size: 597.78697pt x 773.60669pt.


File: resources/pdfs/FrontisMatter.pdf Graphic file (type pdf)
<use resources/pdfs/FrontisMatter.pdf, page 6>
Package pdftex.def Info: resources/pdfs/FrontisMatter.pdf , page6 used on input
 line 344.
(pdftex.def)             Requested size: 597.78697pt x 773.60669pt.
[7

 <./resources/pdfs/FrontisMatter.pdf>]
<resources/pdfs/FrontisMatter.pdf, id=982, page=7, 614.295pt x 794.97pt>
File: resources/pdfs/FrontisMatter.pdf Graphic file (type pdf)
<use resources/pdfs/FrontisMatter.pdf, page 7>
Package pdftex.def Info: resources/pdfs/FrontisMatter.pdf , page7 used on input
 line 344.
(pdftex.def)             Requested size: 597.78697pt x 773.60669pt.
File: resources/pdfs/FrontisMatter.pdf Graphic file (type pdf)
<use resources/pdfs/FrontisMatter.pdf, page 7>
Package pdftex.def Info: resources/pdfs/FrontisMatter.pdf , page7 used on input
 line 344.
(pdftex.def)             Requested size: 597.78697pt x 773.60669pt.


File: resources/pdfs/FrontisMatter.pdf Graphic file (type pdf)
<use resources/pdfs/FrontisMatter.pdf, page 7>
Package pdftex.def Info: resources/pdfs/FrontisMatter.pdf , page7 used on input
 line 344.
(pdftex.def)             Requested size: 597.78697pt x 773.60669pt.
[8

 <./resources/pdfs/FrontisMatter.pdf>]
LaTeX Font Info:    Trying to load font information for U+msa on input line 349
.

(C:\Program Files\MiKTeX\tex/latex/amsfonts\umsa.fd
File: umsa.fd 2013/01/14 v3.01 AMS symbols A
)
LaTeX Font Info:    Trying to load font information for U+msb on input line 349
.

(C:\Program Files\MiKTeX\tex/latex/amsfonts\umsb.fd
File: umsb.fd 2013/01/14 v3.01 AMS symbols B
)


pdfTeX warning (ext4): destination with the same identifier (name{page.i}) has 
been already used, duplicate ignored
<to be read again> 
                   \relax 
l.349 
       [1

]


pdfTeX warning (ext4): destination with the same identifier (name{page.ii}) has
 been already used, duplicate ignored
<to be read again> 
                   \relax 
l.350 \chapter
              *{Dedication} [2

]
LaTeX Font Info:    Trying to load font information for OMS+cmr on input line 3
58.

(C:\Program Files\MiKTeX\tex/latex/base\omscmr.fd
File: omscmr.fd 2023/04/13 v2.5m Standard LaTeX font definitions
)
LaTeX Font Info:    Font shape `OMS/cmr/m/n' in size <17.28> not available
(Font)              Font shape `OMS/cmsy/m/n' tried instead on input line 358.



pdfTeX warning (ext4): destination with the same identifier (name{page.iii}) ha
s been already used, duplicate ignored
<to be read again> 
                   \relax 
l.370 \chapter
              *{Preface} [3]


pdfTeX warning (ext4): destination with the same identifier (name{page.iv}) has
 been already used, duplicate ignored
<to be read again> 
                   \relax 
l.370 \chapter
              *{Preface} [4

]
<resources/images/transformative_teaching.jpg, id=1017, 1861.95625pt x 1084.05p
t>
File: resources/images/transformative_teaching.jpg Graphic file (type jpg)
<use resources/images/transformative_teaching.jpg>
Package pdftex.def Info: resources/images/transformative_teaching.jpg  used on 
input line 389.
(pdftex.def)             Requested size: 397.0649pt x 231.16396pt.



pdfTeX warning (ext4): destination with the same identifier (name{page.v}) has 
been already used, duplicate ignored
<to be read again> 
                   \relax 
l.396 \newpage
               [5 <./resources/images/transformative_teaching.jpg>]


pdfTeX warning (ext4): destination with the same identifier (name{page.vi}) has
 been already used, duplicate ignored
<to be read again> 
                   \relax 
l.398 \tableofcontents
                       [6

] (TAZ_BOOK.toc
Underfull \vbox (badness 1755) has occurred while \output is active []




pdfTeX warning (ext4): destination with the same identifier (name{page.vii}) ha
s been already used, duplicate ignored
<to be read again> 
                   \relax 
l.19 ...{3}TEA REGULAR EXPRESSIONS}{25}{chapter.3}
                                                  % [7]
Overfull \hbox (31.18277pt too wide) in paragraph at lines 35--35
 [][] [][]\OT1/cmr/m/n/14.4 Proposal 2: The Ana-gram Dis-tance Be-tween Any Two
 Sequences[[]][] [][]  
 []


Underfull \vbox (badness 1178) has occurred while \output is active []




pdfTeX warning (ext4): destination with the same identifier (name{page.viii}) h
as been already used, duplicate ignored
<to be read again> 
                   \relax 
l.42 ...cs}\cite {cli_tttt}}{52}{subsection.5.2.9}
                                                  % [8]

[9]
Overfull \hbox (3.66765pt too wide) in paragraph at lines 73--73
 [][] [][]\OT1/cmr/m/n/14.4 EXAMPLE 1: \OT1/cmr/bx/n/14.4 DY-NAMIC PRO-GRAM-MIN
G: \OT1/cmr/m/n/14.4 AUTO- 
 []


Overfull \hbox (1.48584pt too wide) in paragraph at lines 74--74
 [][] [][]\OT1/cmr/m/n/14.4 EXAMPLE 2: \OT1/cmr/bx/n/14.4 IN-FOR-MA-TION SE-CU-
RITY: \OT1/cmr/m/n/14.4 OF-FEN- 
 []


Overfull \hbox (3.83745pt too wide) in paragraph at lines 74--74
 \OT1/cmr/m/n/14.4 SIVE TEA-VIRUS PRO-GRAM MOD-I-FY-ING and EX-POS- 
 []


Overfull \hbox (1.00302pt too wide) in paragraph at lines 79--79
 [][] [][]\OT1/cmr/m/n/14.4 EXAMPLE 1: \OT1/cmr/bx/n/14.4 COM-PU-TA-TIONAL PSY-
CHOL-OGY: 
 []



[10]
Overfull \hbox (2.68614pt too wide) in paragraph at lines 95--95
 \OT1/cmr/bx/n/14.4 MING: \OT1/cmr/m/n/14.4 [pure-GUI] TEXT AD-VEN-TURE GAME: B
OOBS 
 []


Overfull \hbox (8.7194pt too wide) in paragraph at lines 96--96
 [][] [][]\OT1/cmr/m/n/14.4 EXAMPLE 2: \OT1/cmr/bx/n/14.4 COM-PU-TA-TIONAL MYS-
TI-CISM: \OT1/cmr/m/n/14.4 The 
 []


Overfull \hbox (4.2661pt too wide) in paragraph at lines 103--103
 [][] [][]\OT1/cmr/m/n/14.4 EXAMPLE 1: \OT1/cmr/bx/n/14.4 COM-PU-TA-TIONAL MEDI
CINE: \OT1/cmr/m/n/14.4 THE 
 []


Underfull \vbox (badness 3547) has occurred while \output is active []



[11]
Overfull \hbox (10.85258pt too wide) in paragraph at lines 108--108
 [][] [][]\OT1/cmr/m/n/14.4 EXAMPLE 1: \OT1/cmr/bx/n/14.4 COM-PU-TA-TIONAL FINE
-ART: \OT1/cmr/m/n/14.4 SKIRT 
 []


Overfull \hbox (19.81546pt too wide) in paragraph at lines 113--113
 [][] [][]\OT1/cmr/m/n/14.4 EXAMPLE 1: \OT1/cmr/bx/n/14.4 GAME PRO-GRAM-MING: \
OT1/cmr/m/n/14.4 TEXT-BASED 
 []


Overfull \hbox (8.7194pt too wide) in paragraph at lines 118--118
 [][] [][]\OT1/cmr/m/n/14.4 EXAMPLE 1: \OT1/cmr/bx/n/14.4 COM-PU-TA-TIONAL MYS-
TI-CISM: \OT1/cmr/m/n/14.4 The 
 []


Overfull \hbox (4.59895pt too wide) in paragraph at lines 123--123
 [][] [][]\OT1/cmr/m/n/14.4 EXAMPLE 1: \OT1/cmr/bx/n/14.4 DATA-ENGINEERING: \OT
1/cmr/m/n/14.4 GEN-ER-AT-ING 
 []


Overfull \hbox (18.34386pt too wide) in paragraph at lines 123--123
 \OT1/cmr/m/n/14.4 RAN-DOM [NU-MERIC] DATASETS or STRUC-TURES CON- 
 []



[12]
Overfull \hbox (4.23056pt too wide) in paragraph at lines 134--134
 [][] [][]\OT1/cmr/m/n/14.4 EXAMPLE 1: \OT1/cmr/bx/n/14.4 STA-TIS-TI-CAL ANAL-Y
-SIS: \OT1/cmr/m/n/14.4 The RANK- 
 []


Overfull \hbox (2.00688pt too wide) in paragraph at lines 139--139
 [][] [][]\OT1/cmr/m/n/14.4 EXAMPLE 1: \OT1/cmr/bx/n/14.4 MU-SIC & PO-ETRY: \OT
1/cmr/m/n/14.4 A Ran-dom VOWEL 
 []


Overfull \hbox (10.11594pt too wide) in paragraph at lines 144--144
 [][] [][]\OT1/cmr/m/n/14.4 EXAMPLE 1: \OT1/cmr/bx/n/14.4 PSY-CHOL-OGY & AS-TRO
L-OGY: \OT1/cmr/m/n/14.4 PER- 
 []


Underfull \vbox (badness 7595) has occurred while \output is active []



[13]
Overfull \hbox (12.43364pt too wide) in paragraph at lines 170--170
 [][] [][]\OT1/cmr/m/n/14.4 EXAMPLE 1: \OT1/cmr/bx/n/14.4 COM-PU-TA-TIONAL ART:
 \OT1/cmr/m/n/14.4 Ab-stract Text- 
 []


Overfull \hbox (23.29762pt too wide) in paragraph at lines 179--179
 [][] [][]\OT1/cmr/m/n/14.4 EXAMPLE 1: \OT1/cmr/bx/n/14.4 COM-PU-TA-TIONAL MYS-
TI-CISM: \OT1/cmr/m/n/14.4 MAG- 
 []



[14]

[15]
Overfull \hbox (3.55928pt too wide) in paragraph at lines 219--219
 [][] [][]\OT1/cmr/bx/n/14.4 COMPUTER AR-CHI-TEC-TURE: \OT1/cmr/m/n/14.4 TEA Op
-er-at-ing Sys-tem De- 
 []


Overfull \hbox (4.5532pt too wide) in paragraph at lines 235--235
 [][] [][]\OT1/cmr/m/n/14.4 How TEA syn-tax dif-fers from tra-di-tion-al/-com-m
on lan-guages 
 []


Underfull \vbox (badness 5022) has occurred while \output is active []



[16])
\tf@toc=\write6
\openout6 = `TAZ_BOOK.toc'.



[17]

[18

] (TAZ_BOOK.lof
Overfull \hbox (20.07639pt too wide) in paragraph at lines 10--10
 [][] [][]\OT1/cmr/m/n/14.4 The TEA In-struc-tion Con-text Free Gram-mar in Sim
-ple Form (context- 
 []


Underfull \vbox (badness 10000) has occurred while \output is active []



[19]

[20]
Underfull \vbox (badness 10000) has occurred while \output is active []



[21]
Overfull \hbox (15.72025pt too wide) in paragraph at lines 85--85
 [][] [][]\OT1/cmr/m/n/14.4 MINIFIED TEA Pro-gram: LUCKY 101 Brain-Game pro-gra
m source- 
 []


Underfull \vbox (badness 10000) has occurred while \output is active []



[22]
Overfull \hbox (4.2055pt too wide) in paragraph at lines 107--107
 [][] [][]\OT1/cmr/m/n/14.4 TEA AP-PLI-CA-TION: CRYP-TOG-RA-PHY: GHOST Mes-sage
s Pro- 
 []



[23]
Underfull \vbox (badness 10000) has occurred while \output is active []



[24]
Overfull \hbox (7.49013pt too wide) in paragraph at lines 140--140
 [][] [][]\OT1/cmr/m/n/14.4 TEA AP-PLI-CA-TION: Ran-dom Se-cure Pass-word Gen-e
r-a-tor (RSPG) 
 []


Overfull \hbox (4.9399pt too wide) in paragraph at lines 149--149
 \OT1/cmr/m/n/14.4 ``Dear Waltz", that demon-strates how mails sent us-ing TEA 
Emailer 
 []


Underfull \vbox (badness 10000) has occurred while \output is active []



[25])
\tf@lof=\write7
\openout7 = `TAZ_BOOK.lof'.



[26] (TAZ_BOOK.lot
Underfull \vbox (badness 10000) has occurred while \output is active []



[27

]
Underfull \vbox (badness 10000) has occurred while \output is active []



[28])
\tf@lot=\write8
\openout8 = `TAZ_BOOK.lot'.



[29]

[30

] [31]

[32]
Overfull \hbox (7.71082pt too wide) in paragraph at lines 494--499
\OT1/cmr/m/n/14.4 This manuscript builds upon the ear-lier TEA (\OT1/cmr/bx/n/1
4.4 T\OT1/cmr/m/n/14.4 ransforming \OT1/cmr/bx/n/14.4 E\OT1/cmr/m/n/14.4 xecuta
ble \OT1/cmr/bx/n/14.4 A\OT1/cmr/m/n/14.4 lphabet)
 []


Overfull \hbox (6.48608pt too wide) in paragraph at lines 494--499
\OT1/cmr/m/n/14.4 general-purpose, text-processing ori-ented and sequence-trans
former paradigm com-
 []


Underfull \hbox (badness 10000) in paragraph at lines 494--499

 []




pdfTeX warning (ext4): destination with the same identifier (name{page.1}) has 
been already used, duplicate ignored
<to be read again> 
                   \relax 
l.500 \newpage
               [1


]
<resources/images/tea_cup_computer_promo.png, id=1914, 800.9925pt x 1064.97874p
t>
File: resources/images/tea_cup_computer_promo.png Graphic file (type png)
<use resources/images/tea_cup_computer_promo.png>
Package pdftex.def Info: resources/images/tea_cup_computer_promo.png  used on i
nput line 505.
(pdftex.def)             Requested size: 493.75023pt x 656.46852pt.



pdfTeX warning (ext4): destination with the same identifier (name{page.2}) has 
been already used, duplicate ignored
<to be read again> 
                   \relax 
l.512 \chapter
              {Introduction} [2 <./resources/images/tea_cup_computer_promo.png>
]
Chapter 1.
<resources/images/wha-tea_powers_computing.jpg, id=1921, 1284.8pt x 578.16pt>
File: resources/images/wha-tea_powers_computing.jpg Graphic file (type jpg)
<use resources/images/wha-tea_powers_computing.jpg>
Package pdftex.def Info: resources/images/wha-tea_powers_computing.jpg  used on
 input line 522.
(pdftex.def)             Requested size: 446.69328pt x 201.00926pt.

Underfull \hbox (badness 10000) in paragraph at lines 531--532

 []



[3

 <./resources/images/wha-tea_powers_computing.jpg>]
LaTeX Font Info:    Trying to load font information for TS1+cmtt on input line 
539.

(C:\Program Files\MiKTeX\tex/latex/base\ts1cmtt.fd
File: ts1cmtt.fd 2023/04/13 v2.5m Standard LaTeX font definitions
)
LaTeX Font Info:    Trying to load font information for OMS+cmtt on input line 
539.
LaTeX Font Info:    No file OMScmtt.fd. on input line 539.


LaTeX Font Warning: Font shape `OMS/cmtt/m/n' undefined
(Font)              using `OMS/cmsy/m/n' instead
(Font)              for symbol `textbraceleft' on input line 539.

LaTeX Font Info:    Font shape `OMS/cmr/m/n' in size <14.4> not available
(Font)              Font shape `OMS/cmsy/m/n' tried instead on input line 539.


[4]

[5]

[6]

[7]

[8]

[9]
<resources/images/tea_mobile/TEA_on_Mobile_landing.png, id=2002, 1673.25125pt x
 2930.95pt>
File: resources/images/tea_mobile/TEA_on_Mobile_landing.png Graphic file (type 
png)
<use resources/images/tea_mobile/TEA_on_Mobile_landing.png>
Package pdftex.def Info: resources/images/tea_mobile/TEA_on_Mobile_landing.png 
 used on input line 681.
(pdftex.def)             Requested size: 223.34663pt x 391.18892pt.
<resources/images/tea_mobile/TEA_on_Mobile_Standard_Programs.png, id=2003, 1673
.25125pt x 2930.95pt>
File: resources/images/tea_mobile/TEA_on_Mobile_Standard_Programs.png Graphic f
ile (type png)
<use resources/images/tea_mobile/TEA_on_Mobile_Standard_Programs.png>
Package pdftex.def Info: resources/images/tea_mobile/TEA_on_Mobile_Standard_Pro
grams.png  used on input line 687.
(pdftex.def)             Requested size: 223.34663pt x 391.18892pt.
<resources/images/tea_mobile/TEA_on_Mobile_NSigil_App.png, id=2004, 1673.25125p
t x 2930.95pt>
File: resources/images/tea_mobile/TEA_on_Mobile_NSigil_App.png Graphic file (ty
pe png)
<use resources/images/tea_mobile/TEA_on_Mobile_NSigil_App.png>
Package pdftex.def Info: resources/images/tea_mobile/TEA_on_Mobile_NSigil_App.p
ng  used on input line 699.
(pdftex.def)             Requested size: 223.34663pt x 391.18892pt.
<resources/images/tea_mobile/TEA_on_MOBILE_Editor.png, id=2005, 1673.25125pt x 
2930.95pt>
File: resources/images/tea_mobile/TEA_on_MOBILE_Editor.png Graphic file (type p
ng)
<use resources/images/tea_mobile/TEA_on_MOBILE_Editor.png>
Package pdftex.def Info: resources/images/tea_mobile/TEA_on_MOBILE_Editor.png  
used on input line 705.
(pdftex.def)             Requested size: 223.34663pt x 391.18892pt.

Underfull \vbox (badness 10000) has occurred while \output is active []



[10 <./resources/images/tea_mobile/TEA_on_Mobile_landing.png> <./resources/imag
es/tea_mobile/TEA_on_Mobile_Standard_Programs.png>]
\g__tcobox_out_iow=\write9
\openout9 = `TAZ_BOOK.listing'.

 (TAZ_BOOK.listing)

[11 <./resources/images/tea_mobile/TEA_on_Mobile_NSigil_App.png> <./resources/i
mages/tea_mobile/TEA_on_MOBILE_Editor.png>]
\openout9 = `TAZ_BOOK.listing'.

 (TAZ_BOOK.listing)

[12]
Chapter 2.

Underfull \vbox (badness 2173) has occurred while \output is active []



[13

]

[14]
LaTeX Font Info:    Trying to load font information for LGR+cmtt on input line 
840.
 (C:\Users\AKAM\AppData\Roaming\MiKTeX\tex/latex/cbfonts-fd\lgrcmtt.fd
File: lgrcmtt.fd 2017/07/29 v1.2 Greek European Computer Typewriter
)
Underfull \vbox (badness 4096) has occurred while \output is active []



[15]
Underfull \vbox (badness 10000) has occurred while \output is active []



[16]

pdfTeX warning: pdflatex (file ./resources/pdfs/TEA_PROGRAM_EXEC_PROCESS.pdf): 
PDF inclusion: found PDF version <1.7>, but at most version <1.5> allowed
<resources/pdfs/TEA_PROGRAM_EXEC_PROCESS.pdf, id=2082, 614.295pt x 794.97pt>
File: resources/pdfs/TEA_PROGRAM_EXEC_PROCESS.pdf Graphic file (type pdf)
<use resources/pdfs/TEA_PROGRAM_EXEC_PROCESS.pdf>
Package pdftex.def Info: resources/pdfs/TEA_PROGRAM_EXEC_PROCESS.pdf  used on i
nput line 932.
(pdftex.def)             Requested size: 446.69328pt x 557.38918pt.

Underfull \vbox (badness 10000) has occurred while \output is active []



[17]

[18 <./resources/pdfs/TEA_PROGRAM_EXEC_PROCESS.pdf>]
Package hyperref Info: bookmark level for unknown lstlisting defaults to 0 on i
nput line 950.


[19]
Underfull \vbox (badness 10000) has occurred while \output is active []



[20]
<resources/tea_cs_is.png, id=2142, 1027.84pt x 1027.84pt>
File: resources/tea_cs_is.png Graphic file (type png)
<use resources/tea_cs_is.png>
Package pdftex.def Info: resources/tea_cs_is.png  used on input line 1043.
(pdftex.def)             Requested size: 446.69328pt x 434.33347pt.

Underfull \vbox (badness 10000) has occurred while \output is active []



[21]

[22 <./resources/tea_cs_is.png>]

[23]

[24

]
Chapter 3.
[25]
Underfull \vbox (badness 1087) has occurred while \output is active []



[26]

[27]

[28]
Chapter 4.

Underfull \hbox (badness 10000) in paragraph at lines 1199--1200

 []


Overfull \hbox (28.85664pt too wide) in paragraph at lines 1206--1207
\OT1/cmr/m/it/14.4 pro-gram-ming lan-guage that is Text-Processing ori-ented, e
n-ables a sequence-transformer
 []



[29

]
Overfull \hbox (21.36432pt too wide) in paragraph at lines 1234--1235
[]\OT1/cmr/m/n/14.4 If you have come across the new/e-merg-ing math-e-mat-i-cal
 the-ory of Transformatics[[]],
 []


Overfull \hbox (5.50775pt too wide) in paragraph at lines 1242--1243
\OT1/cmr/bx/n/14.4 mat-ics of Trans-for-mat-ics \OT1/cmr/m/n/14.4 --- the manus
cript[[]] known as the ``\OT1/cmr/bx/n/14.4 Transformatics
 []



pdfTeX warning: pdflatex (file ./resources/pdfs/trans_front_cover.pdf): PDF inc
lusion: found PDF version <1.7>, but at most version <1.5> allowed
<resources/pdfs/trans_front_cover.pdf, id=2241, 596.98032pt x 844.65562pt>
File: resources/pdfs/trans_front_cover.pdf Graphic file (type pdf)
<use resources/pdfs/trans_front_cover.pdf>
Package pdftex.def Info: resources/pdfs/trans_front_cover.pdf  used on input li
ne 1248.
(pdftex.def)             Requested size: 596.97885pt x 844.65356pt.


pdfTeX warning: pdflatex (file ./resources/pdfs/trans_front_cover.pdf): PDF inc
lusion: found PDF version <1.7>, but at most version <1.5> allowed
File: resources/pdfs/trans_front_cover.pdf Graphic file (type pdf)
<use resources/pdfs/trans_front_cover.pdf>
Package pdftex.def Info: resources/pdfs/trans_front_cover.pdf  used on input li
ne 1248.
(pdftex.def)             Requested size: 596.97885pt x 844.65356pt.


pdfTeX warning: pdflatex (file ./resources/pdfs/trans_front_cover.pdf): PDF inc
lusion: found PDF version <1.7>, but at most version <1.5> allowed


pdfTeX warning: pdflatex (file ./resources/pdfs/trans_front_cover.pdf): PDF inc
lusion: found PDF version <1.7>, but at most version <1.5> allowed
<resources/pdfs/trans_front_cover.pdf, id=2244, page=1, 596.98032pt x 844.65562
pt>
File: resources/pdfs/trans_front_cover.pdf Graphic file (type pdf)
<use resources/pdfs/trans_front_cover.pdf, page 1>
Package pdftex.def Info: resources/pdfs/trans_front_cover.pdf , page1 used on i
nput line 1248.
(pdftex.def)             Requested size: 596.97885pt x 844.65356pt.
File: resources/pdfs/trans_front_cover.pdf Graphic file (type pdf)
<use resources/pdfs/trans_front_cover.pdf, page 1>
Package pdftex.def Info: resources/pdfs/trans_front_cover.pdf , page1 used on i
nput line 1248.
(pdftex.def)             Requested size: 597.71669pt x 845.69751pt.


[30]
File: resources/pdfs/trans_front_cover.pdf Graphic file (type pdf)
<use resources/pdfs/trans_front_cover.pdf, page 1>
Package pdftex.def Info: resources/pdfs/trans_front_cover.pdf , page1 used on i
nput line 1248.
(pdftex.def)             Requested size: 597.71669pt x 845.69751pt.
File: resources/pdfs/trans_front_cover.pdf Graphic file (type pdf)
<use resources/pdfs/trans_front_cover.pdf, page 1>
Package pdftex.def Info: resources/pdfs/trans_front_cover.pdf , page1 used on i
nput line 1248.
(pdftex.def)             Requested size: 597.71669pt x 845.69751pt.


File: resources/pdfs/trans_front_cover.pdf Graphic file (type pdf)
<use resources/pdfs/trans_front_cover.pdf, page 1>
Package pdftex.def Info: resources/pdfs/trans_front_cover.pdf , page1 used on i
nput line 1248.
(pdftex.def)             Requested size: 597.71669pt x 845.69751pt.
[31

 <./resources/pdfs/trans_front_cover.pdf>]

[32

]
Chapter 5.

Package hyperref Warning: Token not allowed in a PDF string (Unicode):
(hyperref)                removing `\\' on input line 1251.


Underfull \hbox (badness 10000) in paragraph at lines 1256--1260

 []


Package hyperref Warning: Token not allowed in a PDF string (Unicode):
(hyperref)                removing `\@ifnextchar' on input line 1264.


Underfull \vbox (badness 10000) has occurred while \output is active []



[33]

Package hyperref Warning: Token not allowed in a PDF string (Unicode):
(hyperref)                removing `\@ifnextchar' on input line 1269.


Package hyperref Warning: Token not allowed in a PDF string (Unicode):
(hyperref)                removing `\@ifnextchar' on input line 1273.


Package hyperref Warning: Token not allowed in a PDF string (Unicode):
(hyperref)                removing `\@ifnextchar' on input line 1278.


Package hyperref Warning: Token not allowed in a PDF string (Unicode):
(hyperref)                removing `\@ifnextchar' on input line 1278.


Package hyperref Warning: Token not allowed in a PDF string (Unicode):
(hyperref)                removing `\@ifnextchar' on input line 1285.


Package hyperref Warning: Token not allowed in a PDF string (Unicode):
(hyperref)                removing `\@ifnextchar' on input line 1285.


Package hyperref Warning: Token not allowed in a PDF string (Unicode):
(hyperref)                removing `\@ifnextchar' on input line 1291.


Package hyperref Warning: Token not allowed in a PDF string (Unicode):
(hyperref)                removing `\@ifnextchar' on input line 1291.


Package hyperref Warning: Token not allowed in a PDF string (Unicode):
(hyperref)                removing `\@ifnextchar' on input line 1297.


Package hyperref Warning: Token not allowed in a PDF string (Unicode):
(hyperref)                removing `\@ifnextchar' on input line 1297.


Package hyperref Warning: Token not allowed in a PDF string (Unicode):
(hyperref)                removing `\@ifnextchar' on input line 1303.



[34]

Package hyperref Warning: Token not allowed in a PDF string (Unicode):
(hyperref)                removing `\@ifnextchar' on input line 1308.


Package hyperref Warning: Token not allowed in a PDF string (Unicode):
(hyperref)                removing `\@ifnextchar' on input line 1308.


Package hyperref Warning: Token not allowed in a PDF string (Unicode):
(hyperref)                removing `\@ifnextchar' on input line 1313.


Package hyperref Warning: Token not allowed in a PDF string (Unicode):
(hyperref)                removing `subscript' on input line 1313.


Package hyperref Warning: Token not allowed in a PDF string (Unicode):
(hyperref)                removing `subscript' on input line 1313.


Package hyperref Warning: Token not allowed in a PDF string (Unicode):
(hyperref)                removing `subscript' on input line 1313.



[35]

[36]

Package hyperref Warning: Token not allowed in a PDF string (Unicode):
(hyperref)                removing `\@ifnextchar' on input line 1358.



[37]

Package hyperref Warning: Token not allowed in a PDF string (Unicode):
(hyperref)                removing `\@ifnextchar' on input line 1389.



[38]

LaTeX Warning: Hyper reference `SECSCENA' on page 39 undefined on input line 14
42.


LaTeX Warning: Reference `SECSCENA' on page 39 undefined on input line 1442.



[39]
Overfull \hbox (30.55971pt too wide) in paragraph at lines 1459--1459
[]\OT1/cmr/bx/n/12 Proposal 3: The Trans-former Com-pres-sion Ra-tio of any Se-
quence Transformation[[]] 
 []


Package hyperref Warning: Token not allowed in a PDF string (Unicode):
(hyperref)                removing `\@ifnextchar' on input line 1459.



[40]
Overfull \hbox (20.72772pt too wide) in paragraph at lines 1487--1487
[]\OT1/cmr/bx/n/12 Proposal 4: The Piece-meal Com-pres-sion Ra-tio of Any Se-qu
ence Transformation[[]] 
 []


Package hyperref Warning: Token not allowed in a PDF string (Unicode):
(hyperref)                removing `\@ifnextchar' on input line 1487.


Overfull \vbox (0.65572pt too high) has occurred while \output is active []



[41]
Overfull \hbox (31.27202pt too wide) detected at line 1528
[][][]\OT1/cmr/m/n/14.4 	(^^B\OML/cmm/m/it/14.4 ; \OT1/cmr/m/n/14.4 ^^B[]) = []

 []


Package hyperref Warning: Token not allowed in a PDF string (Unicode):
(hyperref)                removing `\@ifnextchar' on input line 1535.



[42]

[43]

LaTeX Warning: Hyper reference `DEFSEQCHAR' on page 44 undefined on input line 
1578.


LaTeX Warning: Reference `DEFSEQCHAR' on page 44 undefined on input line 1578.


Package hyperref Warning: Token not allowed in a PDF string (Unicode):
(hyperref)                removing `\@ifnextchar' on input line 1615.


Package hyperref Warning: Token not allowed in a PDF string (Unicode):
(hyperref)                removing `subscript' on input line 1615.


Package hyperref Warning: Token not allowed in a PDF string (Unicode):
(hyperref)                removing `subscript' on input line 1615.


Package hyperref Warning: Token not allowed in a PDF string (Unicode):
(hyperref)                removing `subscript' on input line 1615.


Overfull \hbox (11.0491pt too wide) detected at line 1624
[][][][] \OT1/cmr/m/n/14.4 = 1\OML/cmm/m/it/14.4 :\OT1/cmr/m/n/14.4 61803398874
9895  =[]\OMS/cmsy/m/n/14.4 )  \OT1/cmr/m/n/14.4 ^^B[] = \OMS/cmsy/m/n/14.4 h\O
T1/cmr/m/n/14.4 1\OML/cmm/m/it/14.4 ; \OT1/cmr/m/n/14.4 6\OML/cmm/m/it/14.4 ; \
OT1/cmr/m/n/14.4 1\OML/cmm/m/it/14.4 ; \OT1/cmr/m/n/14.4 8\OML/cmm/m/it/14.4 ; 
\OT1/cmr/m/n/14.4 0\OML/cmm/m/it/14.4 ; \OT1/cmr/m/n/14.4 3\OML/cmm/m/it/14.4 ;
 \OT1/cmr/m/n/14.4 3\OML/cmm/m/it/14.4 ; \OT1/cmr/m/n/14.4 9\OML/cmm/m/it/14.4 
; \OT1/cmr/m/n/14.4 8\OML/cmm/m/it/14.4 ; \OT1/cmr/m/n/14.4 8\OML/cmm/m/it/14.4
 ; \OT1/cmr/m/n/14.4 7\OML/cmm/m/it/14.4 ; \OT1/cmr/m/n/14.4 4\OML/cmm/m/it/14.
4 ; \OT1/cmr/m/n/14.4 9\OML/cmm/m/it/14.4 ; \OT1/cmr/m/n/14.4 8\OML/cmm/m/it/14
.4 ; \OT1/cmr/m/n/14.4 9\OML/cmm/m/it/14.4 ; \OT1/cmr/m/n/14.4 5\OMS/cmsy/m/n/1
4.4 i
 []



[44]

[45]

[46]

[47]

Package caption Warning: \setcaptiontype
(caption)                outside box or environment on input line 1734.
See the caption package documentation for explanation.


Package caption Warning: The option `hypcap=true' will be ignored for this
(caption)                particular \caption on input line 1734.
See the caption package documentation for explanation.


Underfull \hbox (badness 10000) in paragraph at lines 1739--1740

 []


Underfull \hbox (badness 10000) in paragraph at lines 1741--1742
[][]$\OT1/cmtt/m/n/14.4 https : / / tea . nuchwezi . com / ?fc = https : / / gi
st . githubusercontent . com /
 []


Underfull \hbox (badness 10000) in paragraph at lines 1741--1742

 []


Package hyperref Warning: Token not allowed in a PDF string (Unicode):
(hyperref)                removing `\@ifnextchar' on input line 1747.


Package hyperref Warning: Token not allowed in a PDF string (Unicode):
(hyperref)                removing `subscript' on input line 1747.


Package hyperref Warning: Token not allowed in a PDF string (Unicode):
(hyperref)                removing `subscript' on input line 1747.


Package hyperref Warning: Token not allowed in a PDF string (Unicode):
(hyperref)                removing `subscript' on input line 1747.


Underfull \hbox (badness 10000) in paragraph at lines 1751--1752

 []



[48]
Underfull \hbox (badness 10000) in paragraph at lines 1779--1780

 []


Underfull \hbox (badness 10000) in paragraph at lines 1782--1783

 []



[49]

Package hyperref Warning: Token not allowed in a PDF string (Unicode):
(hyperref)                removing `\@ifnextchar' on input line 1786.


Package hyperref Warning: Token not allowed in a PDF string (Unicode):
(hyperref)                removing `subscript' on input line 1786.


Package hyperref Warning: Token not allowed in a PDF string (Unicode):
(hyperref)                removing `subscript' on input line 1786.


Package hyperref Warning: Token not allowed in a PDF string (Unicode):
(hyperref)                removing `subscript' on input line 1786.


Underfull \hbox (badness 10000) in paragraph at lines 1789--1790

 []



[50]
Underfull \hbox (badness 10000) in paragraph at lines 1822--1823

 []


Underfull \hbox (badness 10000) detected at line 1868
 []$[]  \OT1/cmr/m/n/14.4 
[] = [] = []$ [][][]  
 []


Underfull \vbox (badness 6412) has occurred while \output is active []



[51]

Package hyperref Warning: Token not allowed in a PDF string (Unicode):
(hyperref)                removing `\@ifnextchar' on input line 1888.


Package hyperref Warning: Token not allowed in a PDF string (Unicode):
(hyperref)                removing `subscript' on input line 1888.


Package hyperref Warning: Token not allowed in a PDF string (Unicode):
(hyperref)                removing `subscript' on input line 1888.


Package hyperref Warning: Token not allowed in a PDF string (Unicode):
(hyperref)                removing `subscript' on input line 1888.


Package hyperref Warning: Token not allowed in a PDF string (Unicode):
(hyperref)                removing `\@ifnextchar' on input line 1888.


Package hyperref Warning: Token not allowed in a PDF string (Unicode):
(hyperref)                removing `subscript' on input line 1888.


Underfull \hbox (badness 10000) in paragraph at lines 1891--1892

 []



[52]

[53]
Underfull \hbox (badness 10000) in paragraph at lines 1948--1949

 []


Underfull \hbox (badness 10000) in paragraph at lines 1950--1951

 []



[54]
Underfull \hbox (badness 10000) in paragraph at lines 1966--1967

 []


Underfull \hbox (badness 10000) in paragraph at lines 1972--1973
[][]\OT1/cmr/bx/n/14.4 Transformation 10. []$\OMS/cmsy/m/n/14.4 ; [] h[]i []
 []


Underfull \hbox (badness 10000) in paragraph at lines 1972--1973

 []


Underfull \hbox (badness 10000) in paragraph at lines 1982--1983
[][]\OT1/cmr/bx/n/14.4 Transformation 11. []$\OMS/cmsy/m/n/14.4 h[]i []
 []


Underfull \hbox (badness 10000) in paragraph at lines 1982--1983
\OMS/cmsy/m/n/14.4 h[]i [] h[]i []
 []


Underfull \hbox (badness 10000) in paragraph at lines 1986--1987

 []



[55]

Package hyperref Warning: Token not allowed in a PDF string (Unicode):
(hyperref)                removing `\@ifnextchar' on input line 1991.



[56]

[57]
Overfull \hbox (2.12459pt too wide) detected at line 2065
[][][]\OT1/cmr/m/n/14.4 ^^H[](\OMS/cmsy/m/n/14.4 h[]i\OT1/cmr/m/n/14.4 ) = [] \
OMS/cmsy/m/n/14.4 ^^B [][][]\OT1/cmr/m/n/14.4 (\OML/cmm/m/it/14.4  []\OT1/cmr/m
/n/14.4 ) = [] \OMS/cmsy/m/n/14.4 ^^B \OT1/cmr/m/n/14.4 26 = [] = 1\OML/cmm/m/i
t/14.4 :\OT1/cmr/m/n/14.4 52941176470588235294
 []


Underfull \hbox (badness 1442) in paragraph at lines 2099--2100
\OT1/cmr/m/n/14.4 re-late to the more com-mon-place, stan-dard information-theo
retic Shan-non
 []


Underfull \hbox (badness 10000) in paragraph at lines 2099--2100

 []


Underfull \vbox (badness 1596) has occurred while \output is active []



[58]
Underfull \hbox (badness 10000) in paragraph at lines 2117--2117

 []


Underfull \hbox (badness 10000) in paragraph at lines 2117--2119

 []



pdfTeX warning: pdflatex (file ./resources/pdfs/trans_back_cover.pdf): PDF incl
usion: found PDF version <1.7>, but at most version <1.5> allowed
<resources/pdfs/trans_back_cover.pdf, id=2731, 596.98032pt x 844.65562pt>
File: resources/pdfs/trans_back_cover.pdf Graphic file (type pdf)
<use resources/pdfs/trans_back_cover.pdf>
Package pdftex.def Info: resources/pdfs/trans_back_cover.pdf  used on input lin
e 2125.
(pdftex.def)             Requested size: 596.97885pt x 844.65356pt.


pdfTeX warning: pdflatex (file ./resources/pdfs/trans_back_cover.pdf): PDF incl
usion: found PDF version <1.7>, but at most version <1.5> allowed
File: resources/pdfs/trans_back_cover.pdf Graphic file (type pdf)
<use resources/pdfs/trans_back_cover.pdf>
Package pdftex.def Info: resources/pdfs/trans_back_cover.pdf  used on input lin
e 2125.
(pdftex.def)             Requested size: 596.97885pt x 844.65356pt.


pdfTeX warning: pdflatex (file ./resources/pdfs/trans_back_cover.pdf): PDF incl
usion: found PDF version <1.7>, but at most version <1.5> allowed


pdfTeX warning: pdflatex (file ./resources/pdfs/trans_back_cover.pdf): PDF incl
usion: found PDF version <1.7>, but at most version <1.5> allowed
<resources/pdfs/trans_back_cover.pdf, id=2734, page=1, 596.98032pt x 844.65562p
t>
File: resources/pdfs/trans_back_cover.pdf Graphic file (type pdf)
<use resources/pdfs/trans_back_cover.pdf, page 1>
Package pdftex.def Info: resources/pdfs/trans_back_cover.pdf , page1 used on in
put line 2125.
(pdftex.def)             Requested size: 596.97885pt x 844.65356pt.
File: resources/pdfs/trans_back_cover.pdf Graphic file (type pdf)
<use resources/pdfs/trans_back_cover.pdf, page 1>
Package pdftex.def Info: resources/pdfs/trans_back_cover.pdf , page1 used on in
put line 2125.
(pdftex.def)             Requested size: 597.71669pt x 845.69751pt.


[59]
File: resources/pdfs/trans_back_cover.pdf Graphic file (type pdf)
<use resources/pdfs/trans_back_cover.pdf, page 1>
Package pdftex.def Info: resources/pdfs/trans_back_cover.pdf , page1 used on in
put line 2125.
(pdftex.def)             Requested size: 597.71669pt x 845.69751pt.
File: resources/pdfs/trans_back_cover.pdf Graphic file (type pdf)
<use resources/pdfs/trans_back_cover.pdf, page 1>
Package pdftex.def Info: resources/pdfs/trans_back_cover.pdf , page1 used on in
put line 2125.
(pdftex.def)             Requested size: 597.71669pt x 845.69751pt.


File: resources/pdfs/trans_back_cover.pdf Graphic file (type pdf)
<use resources/pdfs/trans_back_cover.pdf, page 1>
Package pdftex.def Info: resources/pdfs/trans_back_cover.pdf , page1 used on in
put line 2125.
(pdftex.def)             Requested size: 597.71669pt x 845.69751pt.
[60

 <./resources/pdfs/trans_back_cover.pdf>]
Chapter 6.
<resources/images/tea_cup_computer.jpg, id=2749, 1027.84pt x 1027.84pt>
File: resources/images/tea_cup_computer.jpg Graphic file (type jpg)
<use resources/images/tea_cup_computer.jpg>
Package pdftex.def Info: resources/images/tea_cup_computer.jpg  used on input l
ine 2159.
(pdftex.def)             Requested size: 397.0649pt x 397.06056pt.

Underfull \vbox (badness 1622) has occurred while \output is active []



[61

 <./resources/images/tea_cup_computer.jpg>]

[62]
Chapter 7.


[63

]

[64]

[65]

[66

]
Chapter 8.

Underfull \hbox (badness 3058) in paragraph at lines 2320--2321
[]\OT1/cmr/m/n/17.28 Reduce in-put/list to dis-tinct
 []


Underfull \vbox (badness 10000) has occurred while \output is active []



[67]
Underfull \vbox (badness 6859) has occurred while \output is active []



[68]

[69]
Overfull \hbox (11.57892pt too wide) in paragraph at lines 2456--2459
[][]\OT1/cmr/bx/n/14.4 Transformation 12. []$\OMS/cmsy/m/n/14.4 h\OML/cmm/m/it/
14.4 S[]; S[]; S[]; :::; S[]\OMS/cmsy/m/n/14.4 i  !  h\OML/cmm/m/it/14.4 P[]; P
[]; P[]; :::; P[]\OMS/cmsy/m/n/14.4 i  []
 []



[70]
Overfull \hbox (25.5006pt too wide) in paragraph at lines 2489--2505
 [][] 
 []



[71]

[72]
Chapter 9.

Underfull \hbox (badness 1189) in paragraph at lines 2579--2580
[]\OT1/cmr/m/n/17.28 Guarantee sub-se-quent in-struc-
 []


Underfull \hbox (badness 1033) in paragraph at lines 2580--2581
[]\OT1/cmr/m/n/17.28 Automagically cre-ate and ini-
 []


Underfull \vbox (badness 10000) has occurred while \output is active []



[73

]

[74]
Underfull \vbox (badness 10000) has occurred while \output is active []



[75]
LaTeX Font Info:    Font shape `OT1/cmtt/bx/n' in size <14.4> not available
(Font)              Font shape `OT1/cmtt/m/n' tried instead on input line 2746.


Underfull \vbox (badness 10000) has occurred while \output is active []



[76]
Overfull \vbox (589.746pt too high) has occurred while \output is active []



[77]
Overfull \vbox (517.746pt too high) has occurred while \output is active []



[78]
Underfull \vbox (badness 10000) has occurred while \output is active []



[79]
Underfull \vbox (badness 10000) has occurred while \output is active []



[80]

[81]

[82]

[83]

[84]

[85]
Overfull \hbox (20.02231pt too wide) in paragraph at lines 3115--3117
[][][][] 
 []


Overfull \hbox (37.80646pt too wide) in paragraph at lines 3188--3189
[][][] 
 []


Overfull \hbox (37.80646pt too wide) in paragraph at lines 3196--3197
[][][] 
 []


Overfull \hbox (91.1589pt too wide) in paragraph at lines 3225--3227
[][][][] 
 []


Overfull \hbox (91.1589pt too wide) in paragraph at lines 3228--3230
[][][] 
 []


Overfull \hbox (91.1589pt too wide) in paragraph at lines 3228--3230
[][][] 
 []



[86]

[87]

[88]

[89]

[90]

Package caption Warning: The option `hypcap=true' will be ignored for this
(caption)                particular \caption on input line 3256.
See the caption package documentation for explanation.

<resources/images/nsigil_intro.png, id=3418, 1673.25125pt x 2930.95pt>
File: resources/images/nsigil_intro.png Graphic file (type png)
<use resources/images/nsigil_intro.png>
Package pdftex.def Info: resources/images/nsigil_intro.png  used on input line 
3285.
(pdftex.def)             Requested size: 223.34663pt x 391.18892pt.
<resources/images/nsigil_ossi.png, id=3419, 1673.25125pt x 2930.95pt>
File: resources/images/nsigil_ossi.png Graphic file (type png)
<use resources/images/nsigil_ossi.png>
Package pdftex.def Info: resources/images/nsigil_ossi.png  used on input line 3
291.
(pdftex.def)             Requested size: 223.34663pt x 391.18892pt.


[91]
<resources/images/nsigil_qrcode.png, id=3446, 1673.25125pt x 2930.95pt>
File: resources/images/nsigil_qrcode.png Graphic file (type png)
<use resources/images/nsigil_qrcode.png>
Package pdftex.def Info: resources/images/nsigil_qrcode.png  used on input line
 3302.
(pdftex.def)             Requested size: 249.82793pt x 437.6531pt.

Underfull \vbox (badness 10000) has occurred while \output is active []



[92 <./resources/images/nsigil_intro.png> <./resources/images/nsigil_ossi.png>]


[93 <./resources/images/nsigil_qrcode.png>]

[94]

[95]

[96

]
Chapter 10.

Underfull \vbox (badness 10000) has occurred while \output is active []



[97]

[98]

[99]
LaTeX Font Info:    Font shape `OMS/cmr/m/n' in size <8> not available
(Font)              Font shape `OMS/cmsy/m/n' tried instead on input line 3604.



[100]
Overfull \vbox (45.2571pt too high) has occurred while \output is active []



[101]
Underfull \vbox (badness 10000) has occurred while \output is active []



[102]
Underfull \vbox (badness 10000) has occurred while \output is active []



[103]
\openout9 = `TAZ_BOOK.listing'.

 (TAZ_BOOK.listing)

[104]
\openout9 = `TAZ_BOOK.listing'.

 (TAZ_BOOK.listing)

[105]

[106]
Chapter 11.

Underfull \hbox (badness 10000) in paragraph at lines 3877--3878
[]\OT1/cmr/m/n/17.28 Securely pro-cess-ing Ex-ter-
 []


Underfull \vbox (badness 10000) has occurred while \output is active []



[107

]

[108]
LaTeX Font Info:    Font shape `OT1/cmtt/bx/n' in size <10> not available
(Font)              Font shape `OT1/cmtt/m/n' tried instead on input line 3952.


Underfull \hbox (badness 10000) in paragraph at lines 3952--3952
[]|\OT1/cmr/bx/n/10 Direct Eval-u-a-tion
 []


Underfull \hbox (badness 10000) in paragraph at lines 3952--3952
[]|\OT1/cmr/bx/n/10 Compilation Re-
 []


Underfull \hbox (badness 1466) in paragraph at lines 3952--3953
[]|\OT1/cmr/bx/n/10 Can Mod-ify Main
 []


Underfull \hbox (badness 10000) in paragraph at lines 3956--3956
[]|\OT1/cmr/m/n/10 No (\OT1/cmtt/m/n/10 system() \OT1/cmr/m/n/10 or
 []


Underfull \hbox (badness 3838) in paragraph at lines 3956--3956
\OT1/cmr/m/n/10 dy-namic load-ing via
 []


Underfull \hbox (badness 6675) in paragraph at lines 3956--3956
[]|\OT1/cmr/m/n/10 Limited (via shared
 []


Underfull \hbox (badness 6001) in paragraph at lines 3956--3956
\OT1/cmr/m/n/10 li-braries or func-tion
 []


Underfull \hbox (badness 10000) in paragraph at lines 3958--3958
[]|\OT1/cmr/m/n/10 No (\OT1/cmtt/m/n/10 system() \OT1/cmr/m/n/10 or
 []


Underfull \hbox (badness 10000) in paragraph at lines 3958--3958
\OT1/cmr/m/n/10 dy-nam-ic/shared li-
 []


Underfull \hbox (badness 3838) in paragraph at lines 3958--3958
\OT1/cmr/m/n/10 link-ing and func-tion
 []


Underfull \hbox (badness 10000) in paragraph at lines 3960--3960
[]|\OT1/cmr/m/n/10 Yes (\OT1/cmtt/m/n/10 erl[]eval\OT1/cmr/m/n/10 ,
 []


Underfull \hbox (badness 10000) in paragraph at lines 3960--3960
[]|\OT1/cmr/m/n/10 Optional (hot code
 []


Underfull \hbox (badness 10000) in paragraph at lines 3962--3962
[]|\OT1/cmr/m/n/10 No (\OT1/cmtt/m/n/10 JavaCompiler\OT1/cmr/m/n/10 ,
 []


Underfull \hbox (badness 10000) in paragraph at lines 3968--3968
[]|\OT1/cmr/m/n/10 Yes (\OT1/cmtt/m/n/10 eval()\OT1/cmr/m/n/10 ,
 []


Underfull \hbox (badness 10000) in paragraph at lines 3968--3968
[]|\OT1/cmr/m/n/10 Yes (mod-i-fies glob-
 []


Underfull \hbox (badness 10000) in paragraph at lines 3970--3970
[]|\OT1/cmr/m/n/10 Yes (\OT1/cmtt/m/n/10 eval()\OT1/cmr/m/n/10 ,
 []


Underfull \hbox (badness 10000) in paragraph at lines 3973--3973
[]|\OT1/cmr/m/n/10 Yes (\OT1/cmtt/m/n/10 e!:, e!:STR,
 []



[109]

[110]
Underfull \vbox (badness 10000) has occurred while \output is active []



[111]
Underfull \vbox (badness 10000) has occurred while \output is active []



[112]

[113]
Underfull \vbox (badness 3068) has occurred while \output is active []



[114]
\openout9 = `TAZ_BOOK.listing'.

 (TAZ_BOOK.listing)

[115]
\openout9 = `TAZ_BOOK.listing'.

 (TAZ_BOOK.listing)
\openout9 = `TAZ_BOOK.listing'.

 (TAZ_BOOK.listing)

[116]
<resources/images/self_mod1.jpg, id=3869, 1027.84pt x 1027.84pt>
File: resources/images/self_mod1.jpg Graphic file (type jpg)
<use resources/images/self_mod1.jpg>
Package pdftex.def Info: resources/images/self_mod1.jpg  used on input line 432
9.
(pdftex.def)             Requested size: 223.34663pt x 223.33382pt.
<resources/images/self_mod2.jpg, id=3870, 1027.84pt x 1027.84pt>
File: resources/images/self_mod2.jpg Graphic file (type jpg)
<use resources/images/self_mod2.jpg>
Package pdftex.def Info: resources/images/self_mod2.jpg  used on input line 433
5.
(pdftex.def)             Requested size: 223.34663pt x 223.33382pt.

Underfull \vbox (badness 10000) has occurred while \output is active []



[117]
<resources/images/self_mod3.jpg, id=3890, 1027.84pt x 1027.84pt>
File: resources/images/self_mod3.jpg Graphic file (type jpg)
<use resources/images/self_mod3.jpg>
Package pdftex.def Info: resources/images/self_mod3.jpg  used on input line 434
7.
(pdftex.def)             Requested size: 223.34663pt x 223.33382pt.
<resources/images/hacker.jpg, id=3891, 716.6775pt x 1084.05pt>
File: resources/images/hacker.jpg Graphic file (type jpg)
<use resources/images/hacker.jpg>
Package pdftex.def Info: resources/images/hacker.jpg  used on input line 4353.
(pdftex.def)             Requested size: 223.34663pt x 337.82195pt.


[118 <./resources/images/self_mod1.jpg> <./resources/images/self_mod2.jpg> <./r
esources/images/self_mod3.jpg> <./resources/images/hacker.jpg>]
Underfull \hbox (badness 10000) in paragraph at lines 4402--4402

 []


Underfull \vbox (badness 10000) has occurred while \output is active []



[119]

[120]
\openout9 = `TAZ_BOOK.listing'.

 (TAZ_BOOK.listing)
Underfull \vbox (badness 3386) has occurred while \output is active []



[121]
Underfull \vbox (badness 10000) has occurred while \output is active []



[122]

[123]

[124

]
Chapter 12.

Underfull \hbox (badness 3078) in paragraph at lines 4544--4545
[]\OT1/cmr/m/n/17.28 Conditionally Jump across a
 []


Underfull \hbox (badness 1253) in paragraph at lines 4548--4549
[]\OT1/cmr/m/n/17.28 Singular or Bi-nary Branch-ing
 []


Underfull \vbox (badness 10000) has occurred while \output is active []



[125]

[126]

pdfTeX warning: pdflatex (file ./resources/pdfs/all_willrich_psychology.pdf): P
DF inclusion: found PDF version <1.7>, but at most version <1.5> allowed
<resources/pdfs/all_willrich_psychology.pdf, id=4038, 597.19106pt x 845.07718pt
>
File: resources/pdfs/all_willrich_psychology.pdf Graphic file (type pdf)
<use resources/pdfs/all_willrich_psychology.pdf>
Package pdftex.def Info: resources/pdfs/all_willrich_psychology.pdf  used on in
put line 4662.
(pdftex.def)             Requested size: 446.69328pt x 376.71776pt.

Underfull \vbox (badness 10000) has occurred while \output is active []



[127]

[128 <./resources/pdfs/all_willrich_psychology.pdf>]

[129]

[130]

[131]

Package caption Warning: The option `hypcap=true' will be ignored for this
(caption)                particular \caption on input line 4840.
See the caption package documentation for explanation.



[132]
Underfull \vbox (badness 2486) has occurred while \output is active []



[133]

[134]

[135]

Package caption Warning: The option `hypcap=true' will be ignored for this
(caption)                particular \caption on input line 4983.
See the caption package documentation for explanation.

<resources/images/zha3.png, id=4381, 673.01437pt x 434.37282pt>
File: resources/images/zha3.png Graphic file (type png)
<use resources/images/zha3.png>
Package pdftex.def Info: resources/images/zha3.png  used on input line 5007.
(pdftex.def)             Requested size: 397.0649pt x 256.2711pt.

Underfull \vbox (badness 10000) has occurred while \output is active []



[136]

[137 <./resources/images/zha3.png>]

[138]
Chapter 13.

Underfull \vbox (badness 10000) has occurred while \output is active []



[139

]

[140]

[141]
\openout9 = `TAZ_BOOK.listing'.

 (TAZ_BOOK.listing)
\openout9 = `TAZ_BOOK.listing'.

 (TAZ_BOOK.listing)

[142]
\openout9 = `TAZ_BOOK.listing'.

 (TAZ_BOOK.listing)

[143]

[144

]
Chapter 14.

Underfull \hbox (badness 1565) in paragraph at lines 5289--5290
[]\OT1/cmr/m/n/17.28 Help in-tro-duce new-lines into
 []


Underfull \vbox (badness 10000) has occurred while \output is active []



[145]

[146]
\openout9 = `TAZ_BOOK.listing'.

 (TAZ_BOOK.listing)
\openout9 = `TAZ_BOOK.listing'.

 (TAZ_BOOK.listing)

[147]

Package hyperref Warning: Token not allowed in a PDF string (Unicode):
(hyperref)                removing `\@ifnextchar' on input line 5458.


Package hyperref Warning: Token not allowed in a PDF string (Unicode):
(hyperref)                removing `subscript' on input line 5458.


Package hyperref Warning: Token not allowed in a PDF string (Unicode):
(hyperref)                removing `subscript' on input line 5458.



pdfTeX warning: pdflatex (file ./resources/pdfs/GAME_STATE_MACHINE---Boobs-N-Tr
aps.pdf): PDF inclusion: found PDF version <1.7>, but at most version <1.5> all
owed
<resources/pdfs/GAME_STATE_MACHINE---Boobs-N-Traps.pdf, id=4557, 716.6775pt x 7
90.87468pt>
File: resources/pdfs/GAME_STATE_MACHINE---Boobs-N-Traps.pdf Graphic file (type 
pdf)
<use resources/pdfs/GAME_STATE_MACHINE---Boobs-N-Traps.pdf>
Package pdftex.def Info: resources/pdfs/GAME_STATE_MACHINE---Boobs-N-Traps.pdf 
 used on input line 5464.
(pdftex.def)             Requested size: 446.69328pt x 475.20958pt.

Underfull \vbox (badness 10000) has occurred while \output is active []



[148]
Underfull \vbox (badness 3354) has occurred while \output is active []



[149 <./resources/pdfs/GAME_STATE_MACHINE---Boobs-N-Traps.pdf>]
Overfull \hbox (100.05098pt too wide) in paragraph at lines 5492--5493
[][][][] 
 []


Overfull \hbox (100.05098pt too wide) in paragraph at lines 5498--5499
[][][][] 
 []


Overfull \hbox (100.05098pt too wide) in paragraph at lines 5503--5505
[][][][] 
 []


Overfull \hbox (20.02231pt too wide) in paragraph at lines 5842--5843
[][][][] 
 []


Overfull \hbox (62.26683pt too wide) in paragraph at lines 5868--5870
[][][][] 
 []


Overfull \hbox (224.54002pt too wide) in paragraph at lines 5872--5873
[][][][] 
 []



[150]

[151]

[152]

[153]

[154]

[155]

[156]

[157]

[158]

[159]

[160]

[161]

[162]

[163]

Package caption Warning: The option `hypcap=true' will be ignored for this
(caption)                particular \caption on input line 5989.
See the caption package documentation for explanation.



[164]
<resources/images/boobs_n_traps_landing_v1.0.0.1.png, id=5184, 346.29375pt x 26
8.75406pt>
File: resources/images/boobs_n_traps_landing_v1.0.0.1.png Graphic file (type pn
g)
<use resources/images/boobs_n_traps_landing_v1.0.0.1.png>
Package pdftex.def Info: resources/images/boobs_n_traps_landing_v1.0.0.1.png  u
sed on input line 6016.
(pdftex.def)             Requested size: 346.2929pt x 268.7534pt.
<resources/images/boobs_n_traps_game_session_v1.0.0.1.png, id=5185, 343.2825pt 
x 286.82156pt>
File: resources/images/boobs_n_traps_game_session_v1.0.0.1.png Graphic file (ty
pe png)
<use resources/images/boobs_n_traps_game_session_v1.0.0.1.png>
Package pdftex.def Info: resources/images/boobs_n_traps_game_session_v1.0.0.1.p
ng  used on input line 6025.
(pdftex.def)             Requested size: 343.28165pt x 286.82085pt.

Underfull \vbox (badness 10000) has occurred while \output is active []



[165 <./resources/images/boobs_n_traps_landing_v1.0.0.1.png>]
<resources/images/boobs_n_traps_game_end_v1.0.0.1.png, id=5193, 344.78813pt x 2
47.67531pt>
File: resources/images/boobs_n_traps_game_end_v1.0.0.1.png Graphic file (type p
ng)
<use resources/images/boobs_n_traps_game_end_v1.0.0.1.png>
Package pdftex.def Info: resources/images/boobs_n_traps_game_end_v1.0.0.1.png  
used on input line 6034.
(pdftex.def)             Requested size: 344.78728pt x 247.6747pt.


[166 <./resources/images/boobs_n_traps_game_session_v1.0.0.1.png> <./resources/
images/boobs_n_traps_game_end_v1.0.0.1.png>]
Chapter 15.

Underfull \hbox (badness 10000) in paragraph at lines 6098--6099
[]|\OT1/cmtt/m/n/10 The following signatures and semantics are meant to
 []


Underfull \hbox (badness 10000) in paragraph at lines 6098--6099
\OT1/cmtt/m/n/10 allow for the construction of more sophisticated GUIs
 []


Underfull \hbox (badness 10000) in paragraph at lines 6098--6099
\OT1/cmtt/m/n/10 than would be possible with just I undecorated by the
 []


Underfull \vbox (badness 10000) has occurred while \output is active []



[167

]
\openout9 = `TAZ_BOOK.listing'.

 (TAZ_BOOK.listing)
\openout9 = `TAZ_BOOK.listing'.

 (TAZ_BOOK.listing)

[168]
\openout9 = `TAZ_BOOK.listing'.

 (TAZ_BOOK.listing)

[169]
\openout9 = `TAZ_BOOK.listing'.

 (TAZ_BOOK.listing)
\openout9 = `TAZ_BOOK.listing'.

 (TAZ_BOOK.listing)

[170]
Underfull \hbox (badness 10000) in paragraph at lines 6298--6298

 []


Underfull \vbox (badness 10000) has occurred while \output is active []



[171]

Package hyperref Warning: Token not allowed in a PDF string (Unicode):
(hyperref)                removing `\@ifnextchar' on input line 6318.


Package hyperref Warning: Token not allowed in a PDF string (Unicode):
(hyperref)                removing `subscript' on input line 6318.


Package hyperref Warning: Token not allowed in a PDF string (Unicode):
(hyperref)                removing `subscript' on input line 6318.

<resources/images/bnt_cli_new.png, id=5267, 371.13657pt x 254.45062pt>
File: resources/images/bnt_cli_new.png Graphic file (type png)
<use resources/images/bnt_cli_new.png>
Package pdftex.def Info: resources/images/bnt_cli_new.png  used on input line 6
323.
(pdftex.def)             Requested size: 371.13565pt x 254.45pt.

Underfull \vbox (badness 10000) has occurred while \output is active []



[172]
<resources/images/bnt_cli_original.png, id=5281, 403.5075pt x 416.30531pt>
File: resources/images/bnt_cli_original.png Graphic file (type png)
<use resources/images/bnt_cli_original.png>
Package pdftex.def Info: resources/images/bnt_cli_original.png  used on input l
ine 6344.
(pdftex.def)             Requested size: 565.66397pt x 583.53377pt.

Overfull \hbox (69.33473pt too wide) in paragraph at lines 6344--6344
 [] 
 []


Underfull \vbox (badness 10000) has occurred while \output is active []



[173 <./resources/images/bnt_cli_new.png>]
<resources/images/bnt_cli_web.png, id=5292, 355.3275pt x 272.51813pt>
File: resources/images/bnt_cli_web.png Graphic file (type png)
<use resources/images/bnt_cli_web.png>
Package pdftex.def Info: resources/images/bnt_cli_web.png  used on input line 6
359.
(pdftex.def)             Requested size: 355.32661pt x 272.51746pt.

Underfull \vbox (badness 10000) has occurred while \output is active []



[174 <./resources/images/bnt_cli_original.png>]

[175 <./resources/images/bnt_cli_web.png>]
Underfull \hbox (badness 2111) detected at line 6448
 []$[]  \OMS/cmtt/m/n/10 8\OML/cmm/m/it/10  \OMS/cmtt/m/n/10 2 \OT1/cmr/m/n/10
 ^^B[]  =[]\OMS/cmtt/m/n/10 )  \OML/cmm/m/it/10 ^^L \OMS/cmtt/m/n/10 2 \OT1/cmr
/m/n/10 
[]  =[]\OMS/cmtt/m/n/10 )  []$ [][][]  
 []


Underfull \vbox (badness 10000) has occurred while \output is active []



[176]

[177]

[178]

[179]

Package caption Warning: The option `hypcap=true' will be ignored for this
(caption)                particular \caption on input line 6585.
See the caption package documentation for explanation.


Underfull \vbox (badness 10000) has occurred while \output is active []



[180]
Underfull \vbox (badness 10000) has occurred while \output is active []



[181]

Package caption Warning: The option `hypcap=true' will be ignored for this
(caption)                particular \caption on input line 6617.
See the caption package documentation for explanation.



[182]
Chapter 16.

Underfull \hbox (badness 10000) in paragraph at lines 6644--6645
[]\OT1/cmr/m/n/17.28 Process TEA \OT1/cmr/bx/n/17.28 LA-BEL
 []


Underfull \hbox (badness 4752) in paragraph at lines 6644--6645
\OT1/cmr/bx/n/17.28 BLOCKS \OT1/cmr/m/n/17.28 --- \OT1/cmr/m/n/9 the only other
 TEA
 []


Underfull \hbox (badness 10000) in paragraph at lines 6645--6646
[]\OT1/cmr/m/n/17.28 Implement Code Branch-ing
 []


Underfull \vbox (badness 10000) has occurred while \output is active []



[183

]
Underfull \vbox (badness 10000) has occurred while \output is active []



[184]
Underfull \vbox (badness 10000) has occurred while \output is active []



[185]

pdfTeX warning: pdflatex (file ./resources/pdfs/mental_health_diagnostics.pdf):
 PDF inclusion: found PDF version <1.7>, but at most version <1.5> allowed
<resources/pdfs/mental_health_diagnostics.pdf, id=5515, 614.295pt x 794.97pt>
File: resources/pdfs/mental_health_diagnostics.pdf Graphic file (type pdf)
<use resources/pdfs/mental_health_diagnostics.pdf>
Package pdftex.def Info: resources/pdfs/mental_health_diagnostics.pdf  used on 
input line 6786.
(pdftex.def)             Requested size: 552.86038pt x 715.4664pt.

Overfull \hbox (56.53114pt too wide) in paragraph at lines 6786--6786
 [] 
 []


Underfull \vbox (badness 10000) has occurred while \output is active []



[186]
Overfull \vbox (31.05197pt too high) has occurred while \output is active []



[187 <./resources/pdfs/mental_health_diagnostics.pdf>]
Overfull \hbox (2.23816pt too wide) in paragraph at lines 6978--6979
[][][] 
 []


Overfull \hbox (4119.26869pt too wide) in paragraph at lines 7427--7429
[][][] 
 []



[188]

[189]

[190]

[191]

[192]

[193]

[194]

[195]

[196]

[197]

[198]

[199]

[200]

[201]

[202]

[203]

[204]

[205]

[206]

[207]

Package caption Warning: The option `hypcap=true' will be ignored for this
(caption)                particular \caption on input line 7437.
See the caption package documentation for explanation.

<resources/images/hdp_v_1.2_landing_screen.png, id=6251, 342.5297pt x 293.59688
pt>
File: resources/images/hdp_v_1.2_landing_screen.png Graphic file (type png)
<use resources/images/hdp_v_1.2_landing_screen.png>
Package pdftex.def Info: resources/images/hdp_v_1.2_landing_screen.png  used on
 input line 7455.
(pdftex.def)             Requested size: 342.52885pt x 293.59615pt.

Underfull \vbox (badness 10000) has occurred while \output is active []



[208]
<resources/images/hdp_v_1.2_landing_screen_name_prompt.png, id=6266, 298.11375p
t x 112.92188pt>
File: resources/images/hdp_v_1.2_landing_screen_name_prompt.png Graphic file (t
ype png)
<use resources/images/hdp_v_1.2_landing_screen_name_prompt.png>
Package pdftex.def Info: resources/images/hdp_v_1.2_landing_screen_name_prompt.
png  used on input line 7464.
(pdftex.def)             Requested size: 298.11302pt x 112.92159pt.
<resources/images/hdp_v_1.2_landing_screen_session_prompt.png, id=6267, 420.822
19pt x 341.02406pt>
File: resources/images/hdp_v_1.2_landing_screen_session_prompt.png Graphic file
 (type png)
<use resources/images/hdp_v_1.2_landing_screen_session_prompt.png>
Package pdftex.def Info: resources/images/hdp_v_1.2_landing_screen_session_prom
pt.png  used on input line 7473.
(pdftex.def)             Requested size: 420.82115pt x 341.02322pt.

Underfull \vbox (badness 10000) has occurred while \output is active []



[209 <./resources/images/hdp_v_1.2_landing_screen.png> <./resources/images/hdp_
v_1.2_landing_screen_name_prompt.png>]
\openout9 = `TAZ_BOOK.listing'.

 (TAZ_BOOK.listing)
Underfull \vbox (badness 5388) has occurred while \output is active []



[210 <./resources/images/hdp_v_1.2_landing_screen_session_prompt.png>]

[211]

[212]

[213]

[214

]
Chapter 17.

Underfull \vbox (badness 10000) has occurred while \output is active []



[215]
\openout9 = `TAZ_BOOK.listing'.

 (TAZ_BOOK.listing)

[216]

[217]

[218]

[219]

Package caption Warning: The option `hypcap=true' will be ignored for this
(caption)                particular \caption on input line 7811.
See the caption package documentation for explanation.


Underfull \vbox (badness 10000) has occurred while \output is active []



[220]
Underfull \vbox (badness 10000) has occurred while \output is active []



[221]
<resources/images/skirt_detection.jpg, id=6551, 752.8125pt x 1003.75pt>
File: resources/images/skirt_detection.jpg Graphic file (type jpg)
<use resources/images/skirt_detection.jpg>
Package pdftex.def Info: resources/images/skirt_detection.jpg  used on input li
ne 7924.
(pdftex.def)             Requested size: 492.37785pt x 656.46852pt.

Underfull \vbox (badness 10000) has occurred while \output is active []



[222]
<resources/images/skirt_failed_detection.jpg, id=6564, 752.8125pt x 1003.75pt>
File: resources/images/skirt_failed_detection.jpg Graphic file (type jpg)
<use resources/images/skirt_failed_detection.jpg>
Package pdftex.def Info: resources/images/skirt_failed_detection.jpg  used on i
nput line 7933.
(pdftex.def)             Requested size: 492.37785pt x 656.46852pt.

Underfull \vbox (badness 10000) has occurred while \output is active []



[223 <./resources/images/skirt_detection.jpg>]

[224 <./resources/images/skirt_failed_detection.jpg>]
Chapter 18.

Underfull \hbox (badness 1226) in paragraph at lines 7956--7957
[]\OT1/cmr/m/n/17.28 Explicitly mark sec-tions in a
 []


Underfull \hbox (badness 5175) in paragraph at lines 7956--7957
\OT1/cmr/m/n/17.28 TEA Pro-gram ac-ces-si-ble by
 []


Underfull \hbox (badness 10000) in paragraph at lines 7957--7958
[]\OT1/cmr/bx/n/17.28 Facilitate Con-di-tional
 []


Underfull \hbox (badness 1062) in paragraph at lines 7958--7959
[]\OT1/cmr/m/n/17.28 Create Code-Blocks or Label-
 []


Underfull \hbox (badness 10000) in paragraph at lines 7961--7962
[]\OT1/cmr/m/n/17.28 Allowing Com-putable For-
 []


Overfull \hbox (63.18188pt too wide) in paragraph at lines 7990--7990
|[][]
 []


Underfull \vbox (badness 10000) has occurred while \output is active []



[225

]
Underfull \vbox (badness 10000) has occurred while \output is active []



[226]
\openout9 = `TAZ_BOOK.listing'.

 (TAZ_BOOK.listing)

[227]
\openout9 = `TAZ_BOOK.listing'.

 (TAZ_BOOK.listing)
Underfull \vbox (badness 1297) has occurred while \output is active []



[228]

[229]
Underfull \vbox (badness 10000) has occurred while \output is active []



[230]

[231]

[232]

[233]

[234]

Package caption Warning: The option `hypcap=true' will be ignored for this
(caption)                particular \caption on input line 8344.
See the caption package documentation for explanation.

<resources/images/lucky_101_game_landing_screen.png, id=6870, 338.01282pt x 209
.28188pt>
File: resources/images/lucky_101_game_landing_screen.png Graphic file (type png
)
<use resources/images/lucky_101_game_landing_screen.png>
Package pdftex.def Info: resources/images/lucky_101_game_landing_screen.png  us
ed on input line 8371.
(pdftex.def)             Requested size: 338.01198pt x 209.28134pt.

Underfull \vbox (badness 10000) has occurred while \output is active []



[235]
<resources/images/lucky_101_game_session_screen.png, id=6891, 388.45125pt x 318
.43968pt>
File: resources/images/lucky_101_game_session_screen.png Graphic file (type png
)
<use resources/images/lucky_101_game_session_screen.png>
Package pdftex.def Info: resources/images/lucky_101_game_session_screen.png  us
ed on input line 8380.
(pdftex.def)             Requested size: 388.45029pt x 318.4389pt.
<resources/images/lucky_101_game_final_screen.png, id=6892, 316.18124pt x 121.2
0282pt>
File: resources/images/lucky_101_game_final_screen.png Graphic file (type png)
<use resources/images/lucky_101_game_final_screen.png>
Package pdftex.def Info: resources/images/lucky_101_game_final_screen.png  used
 on input line 8389.
(pdftex.def)             Requested size: 316.18047pt x 121.20251pt.

Underfull \vbox (badness 10000) has occurred while \output is active []



[236 <./resources/images/lucky_101_game_landing_screen.png> <./resources/images
/lucky_101_game_session_screen.png>]

[237 <./resources/images/lucky_101_game_final_screen.png>]

[238]

Package caption Warning: The option `hypcap=true' will be ignored for this
(caption)                particular \caption on input line 8417.
See the caption package documentation for explanation.



[239]

[240

]
Chapter 19.

Underfull \hbox (badness 1490) in paragraph at lines 8444--8445
[]\OT1/cmr/m/n/17.28 Reverse the or-der of or-dered
 []


Underfull \hbox (badness 1490) in paragraph at lines 8445--8446
[]\OT1/cmr/m/n/17.28 Reverse the or-der of or-dered
 []


Underfull \hbox (badness 1259) in paragraph at lines 8446--8447
[]\OT1/cmr/m/n/17.28 Facilitate ver-ti-cal in-ver-sion of
 []


Underfull \hbox (badness 4859) in paragraph at lines 8446--8447
\OT1/cmr/m/n/17.28 multi-line text --- use-ful in
 []


Underfull \vbox (badness 10000) has occurred while \output is active []



[241]
Overfull \hbox (11.13023pt too wide) in paragraph at lines 8503--8504
[][][][] 
 []


Overfull \hbox (11.13023pt too wide) in paragraph at lines 8504--8505
[][][][] 
 []


Underfull \vbox (badness 10000) has occurred while \output is active []



[242]
Underfull \vbox (badness 10000) has occurred while \output is active []



[243]
Underfull \vbox (badness 10000) has occurred while \output is active []



[244]

Package caption Warning: The option `hypcap=true' will be ignored for this
(caption)                particular \caption on input line 8624.
See the caption package documentation for explanation.



[245]
<resources/images/spell_casting_simon_the_sorcerer_classic_game.png, id=7023, 1
541.76pt x 1027.84pt>
File: resources/images/spell_casting_simon_the_sorcerer_classic_game.png Graphi
c file (type png)
<use resources/images/spell_casting_simon_the_sorcerer_classic_game.png>
Package pdftex.def Info: resources/images/spell_casting_simon_the_sorcerer_clas
sic_game.png  used on input line 8676.
(pdftex.def)             Requested size: 446.69328pt x 297.78366pt.


[246 <./resources/images/spell_casting_simon_the_sorcerer_classic_game.png (PNG
 copy)>]
<resources/images/spell_casting_in_the_elder_scrolls_xbox_game.jpeg, id=7035, 8
99.36pt x 1156.32pt>
File: resources/images/spell_casting_in_the_elder_scrolls_xbox_game.jpeg Graphi
c file (type jpg)
<use resources/images/spell_casting_in_the_elder_scrolls_xbox_game.jpeg>
Package pdftex.def Info: resources/images/spell_casting_in_the_elder_scrolls_xb
ox_game.jpeg  used on input line 8690.
(pdftex.def)             Requested size: 397.0649pt x 510.51149pt.


[247 <./resources/images/spell_casting_in_the_elder_scrolls_xbox_game.jpeg>]

[248]
Chapter 20.

Overfull \hbox (13.35275pt too wide) in paragraph at lines 8759--8760
|[][]
 []


Overfull \hbox (24.39998pt too wide) in paragraph at lines 8751--8771
 [][] 
 []


Underfull \vbox (badness 10000) has occurred while \output is active []



[249

]

[250]

[251]
\openout9 = `TAZ_BOOK.listing'.

 (TAZ_BOOK.listing)
\openout9 = `TAZ_BOOK.listing'.

 (TAZ_BOOK.listing)

[252]

[253]

[254]

[255]

Package caption Warning: The option `hypcap=true' will be ignored for this
(caption)                particular \caption on input line 9002.
See the caption package documentation for explanation.

\openout9 = `TAZ_BOOK.listing'.

(TAZ_BOOK.listing)
Underfull \vbox (badness 1043) has occurred while \output is active []



[256]

[257]
\openout9 = `TAZ_BOOK.listing'.

 (TAZ_BOOK.listing)
\openout9 = `TAZ_BOOK.listing'.

 (TAZ_BOOK.listing)
Underfull \vbox (badness 10000) has occurred while \output is active []



[258]
\openout9 = `TAZ_BOOK.listing'.

 (TAZ_BOOK.listing)

[259]
\openout9 = `TAZ_BOOK.listing'.

 (TAZ_BOOK.listing)
\openout9 = `TAZ_BOOK.listing'.

 (TAZ_BOOK.listing)

[260]

[261]

[262]

[263]

Package caption Warning: The option `hypcap=true' will be ignored for this
(caption)                particular \caption on input line 9319.
See the caption package documentation for explanation.

\openout9 = `TAZ_BOOK.listing'.

(TAZ_BOOK.listing)
Underfull \vbox (badness 10000) has occurred while \output is active []



[264]
\openout9 = `TAZ_BOOK.listing'.

 (TAZ_BOOK.listing)
Underfull \vbox (badness 10000) has occurred while \output is active []



[265]
\openout9 = `TAZ_BOOK.listing'.

 (TAZ_BOOK.listing)
\openout9 = `TAZ_BOOK.listing'.

 (TAZ_BOOK.listing)

[266]

[267]

[268]

[269]
Underfull \vbox (badness 10000) has occurred while \output is active []



[270]
Underfull \vbox (badness 10000) has occurred while \output is active []



[271]
\openout9 = `TAZ_BOOK.listing'.

 (TAZ_BOOK.listing)

[272]
\openout9 = `TAZ_BOOK.listing'.

 (TAZ_BOOK.listing)

[273]

[274]
Underfull \vbox (badness 5607) has occurred while \output is active []



[275]
\openout9 = `TAZ_BOOK.listing'.

 (TAZ_BOOK.listing)

[276]
Overfull \hbox (73.37476pt too wide) in paragraph at lines 9895--9896
[][][][] 
 []



[277]

[278]

[279]

[280]

[281]

[282]

[283]

[284]

[285]

[286]

[287]

[288]

[289]

[290]

[291]

[292]

[293]

Package caption Warning: The option `hypcap=true' will be ignored for this
(caption)                particular \caption on input line 10402.
See the caption package documentation for explanation.


Underfull \vbox (badness 10000) has occurred while \output is active []



[294]
\openout9 = `TAZ_BOOK.listing'.

 (TAZ_BOOK.listing)
Underfull \vbox (badness 4156) has occurred while \output is active []



[295]
\openout9 = `TAZ_BOOK.listing'.

 (TAZ_BOOK.listing)

[296]
Chapter 21.

Underfull \hbox (badness 10000) in paragraph at lines 10506--10507
[]\OT1/cmr/m/n/17.28 Sort SPACE-DELIMITED
 []


Overfull \hbox (24.39998pt too wide) in paragraph at lines 10528--10547
 [][] 
 []



[297

]

[298]
Underfull \vbox (badness 10000) has occurred while \output is active []



[299]

[300]
\openout9 = `TAZ_BOOK.listing'.

 (TAZ_BOOK.listing)
Underfull \vbox (badness 10000) has occurred while \output is active []



[301]
Underfull \vbox (badness 1092) has occurred while \output is active []



[302]

[303]
Underfull \vbox (badness 10000) has occurred while \output is active []



[304]

[305]

[306]

[307]

[308]

[309]

[310]

[311]

Package caption Warning: The option `hypcap=true' will be ignored for this
(caption)                particular \caption on input line 11140.
See the caption package documentation for explanation.

\openout9 = `TAZ_BOOK.listing'.

(TAZ_BOOK.listing)
Underfull \vbox (badness 10000) has occurred while \output is active []



[312]
\openout9 = `TAZ_BOOK.listing'.

 (TAZ_BOOK.listing)
\openout9 = `TAZ_BOOK.listing'.

 (TAZ_BOOK.listing)
\openout9 = `TAZ_BOOK.listing'.

 (TAZ_BOOK.listing)

[313]

[314]
Chapter 22.

Underfull \hbox (badness 1184) in paragraph at lines 11234--11235
[]\OT1/cmr/m/n/17.28 Generate unique per-mu-ta-tions
 []


Overfull \hbox (24.39998pt too wide) in paragraph at lines 11253--11274
[][] 
 []


Underfull \vbox (badness 10000) has occurred while \output is active []



[315

]

[316]

[317]
Underfull \vbox (badness 10000) has occurred while \output is active []



[318]
Underfull \vbox (badness 10000) has occurred while \output is active []



[319]
\openout9 = `TAZ_BOOK.listing'.

 (TAZ_BOOK.listing)

[320]
\openout9 = `TAZ_BOOK.listing'.

 (TAZ_BOOK.listing)
\openout9 = `TAZ_BOOK.listing'.

 (TAZ_BOOK.listing)

[321]

[322]
Chapter 23.

Underfull \hbox (badness 10000) in paragraph at lines 11541--11542
[]\OT1/cmr/m/n/17.28 Another logic and pro-gram
 []


Overfull \hbox (24.39998pt too wide) in paragraph at lines 11558--11580
[][] 
 []


Underfull \vbox (badness 10000) has occurred while \output is active []



[323

]

[324]
\openout9 = `TAZ_BOOK.listing'.

 (TAZ_BOOK.listing)

[325]

[326]

[327]

[328]

[329]

[330]

[331]

[332]

[333]

[334]

Package caption Warning: The option `hypcap=true' will be ignored for this
(caption)                particular \caption on input line 11978.
See the caption package documentation for explanation.

\openout9 = `TAZ_BOOK.listing'.

(TAZ_BOOK.listing)
\openout9 = `TAZ_BOOK.listing'.

 (TAZ_BOOK.listing)

[335]

[336]
Chapter 24.

Underfull \hbox (badness 1331) in paragraph at lines 12064--12065
[]\OT1/cmr/m/n/17.28 Automate Text Edit-ing us-ing
 []


Underfull \hbox (badness 1867) in paragraph at lines 12067--12068
\OT1/cmr/m/n/17.28 Purpose \OT1/cmr/bx/n/17.28 Re-Write Sys-tem
 []


Overfull \hbox (24.39998pt too wide) in paragraph at lines 12084--12129
[][] 
 []


Underfull \vbox (badness 10000) has occurred while \output is active []



[337

]
Underfull \vbox (badness 10000) has occurred while \output is active []



[338]
Underfull \vbox (badness 1320) has occurred while \output is active []



[339]

[340]
\openout9 = `TAZ_BOOK.listing'.

 (TAZ_BOOK.listing)
Underfull \vbox (badness 5064) has occurred while \output is active []



[341]
\openout9 = `TAZ_BOOK.listing'.

 (TAZ_BOOK.listing)
\openout9 = `TAZ_BOOK.listing'.

 (TAZ_BOOK.listing)

[342]

[343]

[344]

[345]

[346]
Underfull \vbox (badness 3780) has occurred while \output is active []



[347]

[348]

[349]

[350]

[351]
Underfull \vbox (badness 10000) has occurred while \output is active []



[352]
Overfull \vbox (380.4971pt too high) has occurred while \output is active []



[353]
\openout9 = `TAZ_BOOK.listing'.

 (TAZ_BOOK.listing)
\openout9 = `TAZ_BOOK.listing'.

 (TAZ_BOOK.listing)
\openout9 = `TAZ_BOOK.listing'.

 (TAZ_BOOK.listing)

[354]

[355]

[356]

Package caption Warning: The option `hypcap=true' will be ignored for this
(caption)                particular \caption on input line 12895.
See the caption package documentation for explanation.

\openout9 = `TAZ_BOOK.listing'.

(TAZ_BOOK.listing)
\openout9 = `TAZ_BOOK.listing'.

 (TAZ_BOOK.listing)
Underfull \vbox (badness 10000) has occurred while \output is active []



[357]
\openout9 = `TAZ_BOOK.listing'.

 (TAZ_BOOK.listing)

[358]

[359]

[360]

Package caption Warning: The option `hypcap=true' will be ignored for this
(caption)                particular \caption on input line 13045.
See the caption package documentation for explanation.

\openout9 = `TAZ_BOOK.listing'.

(TAZ_BOOK.listing)
\openout9 = `TAZ_BOOK.listing'.

 (TAZ_BOOK.listing)
Underfull \vbox (badness 4792) has occurred while \output is active []



[361]
\openout9 = `TAZ_BOOK.listing'.

 (TAZ_BOOK.listing)
\openout9 = `TAZ_BOOK.listing'.

 (TAZ_BOOK.listing)
\openout9 = `TAZ_BOOK.listing'.

 (TAZ_BOOK.listing)

[362]
\openout9 = `TAZ_BOOK.listing'.

 (TAZ_BOOK.listing)

[363]
\openout9 = `TAZ_BOOK.listing'.

 (TAZ_BOOK.listing)

[364]

[365]

[366]
Overfull \hbox (269.0004pt too wide) in paragraph at lines 13322--13324
[][][][] 
 []


Overfull \hbox (2.23816pt too wide) in paragraph at lines 13377--13378
[][][][] 
 []


Overfull \hbox (11.13023pt too wide) in paragraph at lines 13378--13379
[][][][] 
 []


Overfull \hbox (20.02231pt too wide) in paragraph at lines 13379--13380
[][][][] 
 []


Overfull \hbox (28.91438pt too wide) in paragraph at lines 13380--13382
[][][][] 
 []


Overfull \hbox (37.80646pt too wide) in paragraph at lines 13383--13384
[][][][] 
 []


Overfull \hbox (46.69853pt too wide) in paragraph at lines 13384--13385
[][][][] 
 []


Overfull \hbox (55.5906pt too wide) in paragraph at lines 13385--13386
[][][][] 
 []


Overfull \hbox (64.48268pt too wide) in paragraph at lines 13386--13387
[][][][] 
 []


Overfull \hbox (73.37476pt too wide) in paragraph at lines 13387--13388
[][][][] 
 []


Overfull \hbox (82.26683pt too wide) in paragraph at lines 13388--13389
[][][][] 
 []


Overfull \hbox (91.1589pt too wide) in paragraph at lines 13389--13390
[][][][] 
 []


Overfull \hbox (100.05098pt too wide) in paragraph at lines 13390--13391
[][][][] 
 []


Overfull \hbox (108.94305pt too wide) in paragraph at lines 13391--13392
[][][][] 
 []


Overfull \hbox (117.83513pt too wide) in paragraph at lines 13392--13393
[][][][] 
 []


Overfull \hbox (126.7272pt too wide) in paragraph at lines 13393--13394
[][][][] 
 []


Overfull \hbox (135.61928pt too wide) in paragraph at lines 13394--13395
[][][][] 
 []


Overfull \hbox (144.51135pt too wide) in paragraph at lines 13395--13396
[][][][] 
 []


Overfull \hbox (153.40343pt too wide) in paragraph at lines 13396--13397
[][][][] 
 []


Overfull \hbox (162.2955pt too wide) in paragraph at lines 13397--13398
[][][][] 
 []


Overfull \hbox (171.18758pt too wide) in paragraph at lines 13398--13399
[][][][] 
 []


Overfull \hbox (180.07965pt too wide) in paragraph at lines 13399--13400
[][][][] 
 []


Overfull \hbox (188.97173pt too wide) in paragraph at lines 13400--13401
[][][][] 
 []


Overfull \hbox (197.8638pt too wide) in paragraph at lines 13401--13402
[][][][] 
 []


Overfull \hbox (206.75587pt too wide) in paragraph at lines 13402--13403
[][][][] 
 []


Overfull \hbox (215.64795pt too wide) in paragraph at lines 13403--13404
[][][][] 
 []


Overfull \hbox (224.54002pt too wide) in paragraph at lines 13404--13405
[][][][] 
 []


Overfull \hbox (233.4321pt too wide) in paragraph at lines 13405--13406
[][][][] 
 []


Overfull \hbox (242.32417pt too wide) in paragraph at lines 13406--13407
[][][][] 
 []


Overfull \hbox (251.21625pt too wide) in paragraph at lines 13407--13408
[][][][] 
 []


Overfull \hbox (260.10832pt too wide) in paragraph at lines 13408--13410
[][][][] 
 []


Overfull \hbox (277.89247pt too wide) in paragraph at lines 13411--13414
[][][][] 
 []


Overfull \hbox (269.0004pt too wide) in paragraph at lines 13441--13443
[][][][] 
 []


Overfull \hbox (260.10832pt too wide) in paragraph at lines 13444--13445
[][][][] 
 []


Overfull \hbox (251.21625pt too wide) in paragraph at lines 13445--13446
[][][][] 
 []


Overfull \hbox (242.32417pt too wide) in paragraph at lines 13446--13447
[][][][] 
 []


Overfull \hbox (233.4321pt too wide) in paragraph at lines 13447--13448
[][][][] 
 []


Overfull \hbox (224.54002pt too wide) in paragraph at lines 13448--13449
[][][][] 
 []


Overfull \hbox (215.64795pt too wide) in paragraph at lines 13449--13450
[][][][] 
 []


Overfull \hbox (206.75587pt too wide) in paragraph at lines 13450--13451
[][][][] 
 []


Overfull \hbox (197.8638pt too wide) in paragraph at lines 13451--13452
[][][][] 
 []


Overfull \hbox (188.97173pt too wide) in paragraph at lines 13452--13453
[][][][] 
 []


Overfull \hbox (180.07965pt too wide) in paragraph at lines 13453--13454
[][][][] 
 []


Overfull \hbox (171.18758pt too wide) in paragraph at lines 13454--13455
[][][][] 
 []


Overfull \hbox (162.2955pt too wide) in paragraph at lines 13455--13456
[][][][] 
 []


Overfull \hbox (153.40343pt too wide) in paragraph at lines 13456--13457
[][][][] 
 []


Overfull \hbox (144.51135pt too wide) in paragraph at lines 13457--13458
[][][][] 
 []


Overfull \hbox (135.61928pt too wide) in paragraph at lines 13458--13459
[][][][] 
 []


Overfull \hbox (126.7272pt too wide) in paragraph at lines 13459--13460
[][][][] 
 []


Overfull \hbox (117.83513pt too wide) in paragraph at lines 13460--13461
[][][][] 
 []


Overfull \hbox (108.94305pt too wide) in paragraph at lines 13461--13462
[][][][] 
 []


Overfull \hbox (100.05098pt too wide) in paragraph at lines 13462--13463
[][][][] 
 []


Overfull \hbox (91.1589pt too wide) in paragraph at lines 13463--13464
[][][][] 
 []


Overfull \hbox (82.26683pt too wide) in paragraph at lines 13464--13465
[][][][] 
 []


Overfull \hbox (73.37476pt too wide) in paragraph at lines 13465--13466
[][][][] 
 []


Overfull \hbox (64.48268pt too wide) in paragraph at lines 13466--13467
[][][][] 
 []


Overfull \hbox (55.5906pt too wide) in paragraph at lines 13467--13468
[][][][] 
 []


Overfull \hbox (46.69853pt too wide) in paragraph at lines 13468--13469
[][][][] 
 []


Overfull \hbox (37.80646pt too wide) in paragraph at lines 13469--13470
[][][][] 
 []


Overfull \hbox (28.91438pt too wide) in paragraph at lines 13471--13472
[][][][] 
 []


Overfull \hbox (20.02231pt too wide) in paragraph at lines 13472--13473
[][][][] 
 []


Overfull \hbox (11.13023pt too wide) in paragraph at lines 13473--13474
[][][][] 
 []


Overfull \hbox (2.23816pt too wide) in paragraph at lines 13474--13475
[][][][] 
 []



[367]

[368]

[369]

[370]

[371]

[372]

[373]

[374]

[375]

[376]

[377]

Package caption Warning: The option `hypcap=true' will be ignored for this
(caption)                particular \caption on input line 13540.
See the caption package documentation for explanation.


Underfull \vbox (badness 10000) has occurred while \output is active []



[378]
\openout9 = `TAZ_BOOK.listing'.

 (TAZ_BOOK.listing)
\openout9 = `TAZ_BOOK.listing'.

 (TAZ_BOOK.listing)

[379]
\openout9 = `TAZ_BOOK.listing'.

 (TAZ_BOOK.listing)
Underfull \vbox (badness 2753) has occurred while \output is active []



[380]
<resources/images/ghost_messages/hello_world_highlighted.png, id=10301, 747.542
82pt x 442.65375pt>
File: resources/images/ghost_messages/hello_world_highlighted.png Graphic file 
(type png)
<use resources/images/ghost_messages/hello_world_highlighted.png>
Package pdftex.def Info: resources/images/ghost_messages/hello_world_highlighte
d.png  used on input line 13647.
(pdftex.def)             Requested size: 496.32924pt x 293.90173pt.
<resources/images/ghost_messages/hello_world_highlighted_no_visible.png, id=103
02, 750.55406pt x 459.21562pt>
File: resources/images/ghost_messages/hello_world_highlighted_no_visible.png Gr
aphic file (type png)
<use resources/images/ghost_messages/hello_world_highlighted_no_visible.png>
Package pdftex.def Info: resources/images/ghost_messages/hello_world_highlighte
d_no_visible.png  used on input line 13657.
(pdftex.def)             Requested size: 496.32924pt x 303.67883pt.

Underfull \vbox (badness 10000) has occurred while \output is active []



[381 <./resources/images/ghost_messages/hello_world_highlighted.png>]
<resources/images/ghost_messages/hello_world_no_highlights.png, id=10309, 743.7
7875pt x 459.96844pt>
File: resources/images/ghost_messages/hello_world_no_highlights.png Graphic fil
e (type png)
<use resources/images/ghost_messages/hello_world_no_highlights.png>
Package pdftex.def Info: resources/images/ghost_messages/hello_world_no_highlig
hts.png  used on input line 13666.
(pdftex.def)             Requested size: 496.32924pt x 306.949pt.

Underfull \vbox (badness 10000) has occurred while \output is active []



[382 <./resources/images/ghost_messages/hello_world_highlighted_no_visible.png>
 <./resources/images/ghost_messages/hello_world_no_highlights.png>]
\openout9 = `TAZ_BOOK.listing'.


(TAZ_BOOK.listing)
\openout9 = `TAZ_BOOK.listing'.

 (TAZ_BOOK.listing)

[383]

[384]

[385]

[386]
<resources/images/ghost_messages.jpg, id=10476, 1084.05pt x 1626.075pt>
File: resources/images/ghost_messages.jpg Graphic file (type jpg)
<use resources/images/ghost_messages.jpg>
Package pdftex.def Info: resources/images/ghost_messages.jpg  used on input lin
e 13880.
(pdftex.def)             Requested size: 397.0649pt x 595.58424pt.

Underfull \vbox (badness 10000) has occurred while \output is active []



[387]
<resources/images/ghost_messages/ghost_messages_on_cli.png, id=10519, 720.44156
pt x 502.12593pt>
File: resources/images/ghost_messages/ghost_messages_on_cli.png Graphic file (t
ype png)
<use resources/images/ghost_messages/ghost_messages_on_cli.png>
Package pdftex.def Info: resources/images/ghost_messages/ghost_messages_on_cli.
png  used on input line 13897.
(pdftex.def)             Requested size: 496.32924pt x 345.92328pt.

Underfull \vbox (badness 10000) has occurred while \output is active []



[388 <./resources/images/ghost_messages.jpg>]

[389 <./resources/images/ghost_messages/ghost_messages_on_cli.png>]
\openout9 = `TAZ_BOOK.listing'.


(TAZ_BOOK.listing)

[390]
\openout9 = `TAZ_BOOK.listing'.

 (TAZ_BOOK.listing)

[391]
\openout9 = `TAZ_BOOK.listing'.

 (TAZ_BOOK.listing)

[392]
\openout9 = `TAZ_BOOK.listing'.

 (TAZ_BOOK.listing)
\openout9 = `TAZ_BOOK.listing'.

 (TAZ_BOOK.listing)

[393]

[394]

[395]

[396

]
Chapter 25.

Underfull \hbox (badness 5245) in paragraph at lines 14158--14159
[]\OT1/cmr/m/n/17.28 Randomly In-ject Space into
 []


Underfull \hbox (badness 7540) in paragraph at lines 14159--14160
[]\OT1/cmr/m/n/17.28 Randomly Delete Char-ac-ters
 []


Overfull \hbox (24.39998pt too wide) in paragraph at lines 14178--14199
[][] 
 []


Underfull \vbox (badness 10000) has occurred while \output is active []



[397]

[398]
\openout9 = `TAZ_BOOK.listing'.

 (TAZ_BOOK.listing)
\openout9 = `TAZ_BOOK.listing'.

 (TAZ_BOOK.listing)
\openout9 = `TAZ_BOOK.listing'.

 (TAZ_BOOK.listing)

[399]
<resources/images/sir_game_play_scenario1.jpg, id=10751, 1027.84pt x 1027.84pt>

File: resources/images/sir_game_play_scenario1.jpg Graphic file (type jpg)
<use resources/images/sir_game_play_scenario1.jpg>
Package pdftex.def Info: resources/images/sir_game_play_scenario1.jpg  used on 
input line 14302.
(pdftex.def)             Requested size: 223.34663pt x 223.33382pt.
<resources/images/sir_game_play_scenario3.jpg, id=10752, 1027.84pt x 1027.84pt>

File: resources/images/sir_game_play_scenario3.jpg Graphic file (type jpg)
<use resources/images/sir_game_play_scenario3.jpg>
Package pdftex.def Info: resources/images/sir_game_play_scenario3.jpg  used on 
input line 14306.
(pdftex.def)             Requested size: 223.34663pt x 223.33382pt.


[400 <./resources/images/sir_game_play_scenario1.jpg> <./resources/images/sir_g
ame_play_scenario3.jpg>]

Package caption Warning: The option `hypcap=true' will be ignored for this
(caption)                particular \caption on input line 14331.
See the caption package documentation for explanation.



[401]

[402]

[403]

Package caption Warning: The option `hypcap=true' will be ignored for this
(caption)                particular \caption on input line 14434.
See the caption package documentation for explanation.

<resources/images/sir_game_welcome_screen.png, id=10866, 696.35156pt x 280.0462
5pt>
File: resources/images/sir_game_welcome_screen.png Graphic file (type png)
<use resources/images/sir_game_welcome_screen.png>
Package pdftex.def Info: resources/images/sir_game_welcome_screen.png  used on 
input line 14446.
(pdftex.def)             Requested size: 496.32924pt x 199.60338pt.
<resources/images/sir_game_quiz_screen.png, id=10867, 242.40562pt x 152.06813pt
>
File: resources/images/sir_game_quiz_screen.png Graphic file (type png)
<use resources/images/sir_game_quiz_screen.png>
Package pdftex.def Info: resources/images/sir_game_quiz_screen.png  used on inp
ut line 14455.
(pdftex.def)             Requested size: 496.32924pt x 311.39825pt.

Underfull \vbox (badness 10000) has occurred while \output is active []



[404 <./resources/images/sir_game_welcome_screen.png>]
<resources/images/sir_game_report_screen.png, id=10875, 350.05782pt x 203.25937
pt>
File: resources/images/sir_game_report_screen.png Graphic file (type png)
<use resources/images/sir_game_report_screen.png>
Package pdftex.def Info: resources/images/sir_game_report_screen.png  used on i
nput line 14465.
(pdftex.def)             Requested size: 496.32924pt x 288.21161pt.

Underfull \vbox (badness 10000) has occurred while \output is active []



[405 <./resources/images/sir_game_quiz_screen.png> <./resources/images/sir_game
_report_screen.png>]
\openout9 = `TAZ_BOOK.listing'.

 (TAZ_BOOK.listing)
\openout9 = `TAZ_BOOK.listing'.

 (TAZ_BOOK.listing)
\openout9 = `TAZ_BOOK.listing'.

 (TAZ_BOOK.listing)
<resources/images/sir_game_play_scenario2.jpg, id=10882, 1027.84pt x 1027.84pt>

File: resources/images/sir_game_play_scenario2.jpg Graphic file (type jpg)
<use resources/images/sir_game_play_scenario2.jpg>
Package pdftex.def Info: resources/images/sir_game_play_scenario2.jpg  used on 
input line 14515.
(pdftex.def)             Requested size: 496.32924pt x 496.33748pt.

Underfull \vbox (badness 10000) has occurred while \output is active []



[406]
Underfull \vbox (badness 10000) has occurred while \output is active []



[407 <./resources/images/sir_game_play_scenario2.jpg>]

[408]

[409]

[410]

Package caption Warning: The option `hypcap=true' will be ignored for this
(caption)                particular \caption on input line 14649.
See the caption package documentation for explanation.

\openout9 = `TAZ_BOOK.listing'.

(TAZ_BOOK.listing)

[411]

[412

]
Chapter 26.

Overfull \hbox (24.39998pt too wide) in paragraph at lines 14703--14725
[][] 
 []



[413]
\openout9 = `TAZ_BOOK.listing'.

 (TAZ_BOOK.listing)
Underfull \vbox (badness 10000) has occurred while \output is active []



[414]

[415]
\openout9 = `TAZ_BOOK.listing'.

 (TAZ_BOOK.listing)
\openout9 = `TAZ_BOOK.listing'.

 (TAZ_BOOK.listing)
\openout9 = `TAZ_BOOK.listing'.

 (TAZ_BOOK.listing)

[416]
\openout9 = `TAZ_BOOK.listing'.

 (TAZ_BOOK.listing)
Underfull \vbox (badness 10000) has occurred while \output is active []



[417]
\openout9 = `TAZ_BOOK.listing'.

 (TAZ_BOOK.listing)
\openout9 = `TAZ_BOOK.listing'.

 (TAZ_BOOK.listing)
Underfull \vbox (badness 1215) has occurred while \output is active []



[418]
Underfull \vbox (badness 10000) has occurred while \output is active []



[419]

[420]
\openout9 = `TAZ_BOOK.listing'.

 (TAZ_BOOK.listing)
\openout9 = `TAZ_BOOK.listing'.

 (TAZ_BOOK.listing)
Underfull \vbox (badness 2582) has occurred while \output is active []



[421]
<resources/images/notepad_right_align.png, id=11239, 557.08125pt x 512.66531pt>

File: resources/images/notepad_right_align.png Graphic file (type png)
<use resources/images/notepad_right_align.png>
Package pdftex.def Info: resources/images/notepad_right_align.png  used on inpu
t line 15073.
(pdftex.def)             Requested size: 446.69328pt x 388.27197pt.
<resources/images/tea_right_align_text_cli_case.png, id=11241, 1028.34187pt x 5
48.0475pt>
File: resources/images/tea_right_align_text_cli_case.png Graphic file (type png
)
<use resources/images/tea_right_align_text_cli_case.png>
Package pdftex.def Info: resources/images/tea_right_align_text_cli_case.png  us
ed on input line 15084.
(pdftex.def)             Requested size: 446.69328pt x 225.70476pt.

Underfull \vbox (badness 10000) has occurred while \output is active []



[422 <./resources/images/notepad_right_align.png>]
<resources/images/tea_right_align_text_web_case.png, id=11249, 801.74532pt x 10
4.64093pt>
File: resources/images/tea_right_align_text_web_case.png Graphic file (type png
)
<use resources/images/tea_right_align_text_web_case.png>
Package pdftex.def Info: resources/images/tea_right_align_text_web_case.png  us
ed on input line 15096.
(pdftex.def)             Requested size: 446.69328pt x 124.66634pt.
<resources/images/tea_right_align_text_web_case2.png, id=11251, 794.97pt x 101.
62968pt>
File: resources/images/tea_right_align_text_web_case2.png Graphic file (type pn
g)
<use resources/images/tea_right_align_text_web_case2.png>
Package pdftex.def Info: resources/images/tea_right_align_text_web_case2.png  u
sed on input line 15106.
(pdftex.def)             Requested size: 446.69328pt x 123.30879pt.

Underfull \vbox (badness 10000) has occurred while \output is active []



[423 <./resources/images/tea_right_align_text_cli_case.png> <./resources/images
/tea_right_align_text_web_case.png>]
Underfull \hbox (badness 10000) in paragraph at lines 15141--15142
[]\OT1/cmtt/m/n/14.4 What the nature of art is[?]... For most of the last two
 []


Underfull \hbox (badness 10000) in paragraph at lines 15141--15142
\OT1/cmtt/m/n/14.4 millennia it has been assumed that to answer this question
 []


Underfull \hbox (badness 10000) in paragraph at lines 15141--15142
\OT1/cmtt/m/n/14.4 is the same as to define the term `art', and it has been
 []


Underfull \hbox (badness 10000) in paragraph at lines 15141--15142
\OT1/cmtt/m/n/14.4 taken for granted that there will be a quality or set of
 []


Underfull \hbox (badness 10000) in paragraph at lines 15141--15142
\OT1/cmtt/m/n/14.4 qualities shared by all works of art, as a result of the
 []


Underfull \hbox (badness 10000) in paragraph at lines 15141--15142
\OT1/cmtt/m/n/14.4 possession of which we apply the term `art' to them. In
 []


Underfull \hbox (badness 10000) in paragraph at lines 15141--15142
\OT1/cmtt/m/n/14.4 other words, what makes something a work of art is that
 []


Underfull \hbox (badness 10000) in paragraph at lines 15141--15142
\OT1/cmtt/m/n/14.4 it possesses a quality or qualities which only works of
 []


Underfull \hbox (badness 10000) in paragraph at lines 15141--15142
\OT1/cmtt/m/n/14.4 art have. There has been a small number of answers to the
 []


Underfull \hbox (badness 10000) in paragraph at lines 15141--15142
\OT1/cmtt/m/n/14.4 question of what this defining quality or qualities might
 []


Underfull \hbox (badness 10000) in paragraph at lines 15145--15146
[]\OT1/cmtt/m/n/14.4 [For example] a very early answer, and the one that held
 []


Underfull \hbox (badness 10000) in paragraph at lines 15145--15146
\OT1/cmtt/m/n/14.4 the field for longest, is that \OT1/cmtt/m/it/14.4 the defin
ing property of
 []


Underfull \hbox (badness 10000) in paragraph at lines 15145--15146
\OT1/cmtt/m/it/14.4 art is that it is an imitation of nature.\OT1/cmtt/m/n/14.4
 ... found in
 []


Underfull \hbox (badness 10000) in paragraph at lines 15145--15146
\OT1/cmtt/m/n/14.4 Plato... generally held to be derivable from some remarks
 []


Underfull \hbox (badness 10000) in paragraph at lines 15149--15150
[]\OT1/cmtt/m/n/14.4 A second candidate put forward as the defining property
 []


Underfull \hbox (badness 10000) in paragraph at lines 15149--15150
\OT1/cmtt/m/n/14.4 of art is expression... According to expression theories,
 []


Underfull \hbox (badness 10000) in paragraph at lines 15149--15150
\OT1/cmtt/m/n/14.4 what is distinctive about art is that it is an expression
 []


Underfull \hbox (badness 10000) in paragraph at lines 15149--15150
\OT1/cmtt/m/n/14.4 of the artist's emotion such that the artist's emotion is
 []


Underfull \hbox (badness 10000) in paragraph at lines 15149--15150
\OT1/cmtt/m/n/14.4 transmitted to others, it being assumed that the experience
 []


Underfull \hbox (badness 10000) in paragraph at lines 15153--15154
[]\OT1/cmtt/m/n/14.4 Other thinkers have contented that the distinctive
 []


Underfull \hbox (badness 10000) in paragraph at lines 15153--15154
\OT1/cmtt/m/n/14.4 feature of art is to be found in the formal properties of
 []


Underfull \hbox (badness 10000) in paragraph at lines 15157--15158
[]\OT1/cmtt/m/n/14.4 Formal qualities of works of art... `expressive
 []


Underfull \hbox (badness 10000) in paragraph at lines 15157--15158
\OT1/cmtt/m/n/14.4 qualities'.. are two types of aesthetic quality... of
 []


Underfull \hbox (badness 10000) in paragraph at lines 15157--15158
\OT1/cmtt/m/n/14.4 which the most important is beauty... that beauty consists
 []


Underfull \hbox (badness 10000) in paragraph at lines 15157--15158
\OT1/cmtt/m/n/14.4 in a harmonious, symmetrical and balanced arrangement of the

 []


Underfull \vbox (badness 10000) has occurred while \output is active []



[424 <./resources/images/tea_right_align_text_web_case2.png>]
Underfull \vbox (badness 10000) has occurred while \output is active []



[425]
Underfull \vbox (badness 10000) has occurred while \output is active []



[426]

[427]

Package caption Warning: The option `hypcap=true' will be ignored for this
(caption)                particular \caption on input line 15261.
See the caption package documentation for explanation.



[428]
\openout9 = `TAZ_BOOK.listing'.

 (TAZ_BOOK.listing)

[429]
\openout9 = `TAZ_BOOK.listing'.

 (TAZ_BOOK.listing)

[430]

[431]

[432]

[433]

[434]

[435]

[436]

Package caption Warning: The option `hypcap=true' will be ignored for this
(caption)                particular \caption on input line 15553.
See the caption package documentation for explanation.



[437]
\openout9 = `TAZ_BOOK.listing'.

 (TAZ_BOOK.listing)

[438]
\openout9 = `TAZ_BOOK.listing'.

 (TAZ_BOOK.listing)

[439]
\openout9 = `TAZ_BOOK.listing'.

 (TAZ_BOOK.listing)

[440]
\openout9 = `TAZ_BOOK.listing'.

 (TAZ_BOOK.listing)

[441]
\openout9 = `TAZ_BOOK.listing'.

 (TAZ_BOOK.listing)

[442]
\openout9 = `TAZ_BOOK.listing'.

 (TAZ_BOOK.listing)

[443]
\openout9 = `TAZ_BOOK.listing'.

 (TAZ_BOOK.listing)
<resources/pdfs/AF3J26-1736UI.pdf, id=11844, 614.295pt x 794.97pt>
File: resources/pdfs/AF3J26-1736UI.pdf Graphic file (type pdf)
<use resources/pdfs/AF3J26-1736UI.pdf>
Package pdftex.def Info: resources/pdfs/AF3J26-1736UI.pdf  used on input line 1
5819.
(pdftex.def)             Requested size: 496.32924pt x 642.32098pt.


[444]
<resources/pdfs/BF3J26-1747IO.pdf, id=11872, 614.295pt x 794.97pt>
File: resources/pdfs/BF3J26-1747IO.pdf Graphic file (type pdf)
<use resources/pdfs/BF3J26-1747IO.pdf>
Package pdftex.def Info: resources/pdfs/BF3J26-1747IO.pdf  used on input line 1
5829.
(pdftex.def)             Requested size: 496.32924pt x 642.32098pt.

Underfull \vbox (badness 10000) has occurred while \output is active []



[445 <./resources/pdfs/AF3J26-1736UI.pdf>]
<resources/pdfs/CF3J26-1752OU.pdf, id=11893, 614.295pt x 794.97pt>
File: resources/pdfs/CF3J26-1752OU.pdf Graphic file (type pdf)
<use resources/pdfs/CF3J26-1752OU.pdf>
Package pdftex.def Info: resources/pdfs/CF3J26-1752OU.pdf  used on input line 1
5838.
(pdftex.def)             Requested size: 496.32924pt x 642.32098pt.

Underfull \vbox (badness 10000) has occurred while \output is active []



[446 <./resources/pdfs/BF3J26-1747IO.pdf>]

[447 <./resources/pdfs/CF3J26-1752OU.pdf>]

[448

]
Chapter 27.

Underfull \hbox (badness 10000) in paragraph at lines 15864--15865
[]\OT1/cmr/m/n/17.28 Compute the \OT1/cmr/bx/n/17.28 modal se-
 []


Underfull \hbox (badness 7064) in paragraph at lines 15864--15865
\OT1/cmr/bx/n/17.28 quence statis-tic \OT1/cmr/m/n/17.28 via two
 []


Overfull \hbox (24.39998pt too wide) in paragraph at lines 15884--15906
[][] 
 []


Underfull \vbox (badness 10000) has occurred while \output is active []



[449]

[450]

[451]
Underfull \hbox (badness 10000) in paragraph at lines 15999--15999

 []


Overfull \hbox (6.79999pt too wide) in paragraph at lines 15999--16001
[][] 
 []



[452]
Underfull \vbox (badness 10000) has occurred while \output is active []



[453]
Overfull \vbox (13.746pt too high) has occurred while \output is active []



[454]

[455]
Underfull \vbox (badness 1910) has occurred while \output is active []



[456]

Package caption Warning: The option `hypcap=true' will be ignored for this
(caption)                particular \caption on input line 16164.
See the caption package documentation for explanation.


Underfull \vbox (badness 10000) has occurred while \output is active []



[457]

Package caption Warning: The option `hypcap=true' will be ignored for this
(caption)                particular \caption on input line 16209.
See the caption package documentation for explanation.


Underfull \vbox (badness 1199) has occurred while \output is active []



[458]

Package caption Warning: The option `hypcap=true' will be ignored for this
(caption)                particular \caption on input line 16258.
See the caption package documentation for explanation.


Underfull \vbox (badness 10000) has occurred while \output is active []



[459]
\openout9 = `TAZ_BOOK.listing'.

 (TAZ_BOOK.listing)
\openout9 = `TAZ_BOOK.listing'.

 (TAZ_BOOK.listing)
\openout9 = `TAZ_BOOK.listing'.

 (TAZ_BOOK.listing)

[460]
\openout9 = `TAZ_BOOK.listing'.

 (TAZ_BOOK.listing)

Package caption Warning: The option `hypcap=true' will be ignored for this
(caption)                particular \caption on input line 16349.
See the caption package documentation for explanation.



[461]
\openout9 = `TAZ_BOOK.listing'.

 (TAZ_BOOK.listing)
Underfull \hbox (badness 10000) in paragraph at lines 16399--16399

 []


Underfull \hbox (badness 10000) in paragraph at lines 16399--16399
[]\OT1/cmr/m/n/14.4 (YouTube: audio-video) []$\OT1/cmtt/m/n/14.4 https : / / yo
utube . com / shorts /
 []


Underfull \vbox (badness 10000) has occurred while \output is active []



[462]

[463]

[464

]
Chapter 28.

Underfull \hbox (badness 4341) in paragraph at lines 16421--16422
[]\OT1/cmr/m/n/17.28 Writing to anony-mous (DE-
 []


Underfull \hbox (badness 10000) in paragraph at lines 16423--16424
[]\OT1/cmr/m/n/17.28 Performing Per-sis-tent
 []


Overfull \hbox (24.39998pt too wide) in paragraph at lines 16440--16466
[][] 
 []


Underfull \vbox (badness 10000) has occurred while \output is active []



[465]
Underfull \hbox (badness 10000) in paragraph at lines 16483--16484
[]\OT1/cmtt/m/n/14.4 The existence of forgetting has never been proved; we
 []


Underfull \hbox (badness 10000) in paragraph at lines 16483--16484
\OT1/cmtt/m/n/14.4 only know that some things do not come to mind when we want
 []



[466]
Underfull \hbox (badness 10000) in paragraph at lines 16499--16500
[]\OT1/cmtt/m/n/14.4 Under the simple memory illusion we view the memory
 []


Underfull \hbox (badness 10000) in paragraph at lines 16499--16500
\OT1/cmtt/m/n/14.4 system as a set of places (which hold objects) coupled with
 []


Underfull \hbox (badness 10000) in paragraph at lines 16516--16517
[]\OT1/cmtt/m/n/14.4 There are four basic modes of access to an object
 []


Underfull \hbox (badness 10000) in paragraph at lines 16516--16517
\OT1/cmtt/m/n/14.4 within memory; Read (R), Execute (E), Write (W), and
 []



[467]
Underfull \vbox (badness 10000) has occurred while \output is active []



[468]
Overfull \vbox (25.4971pt too high) has occurred while \output is active []



[469]

[470]

[471]

[472]

[473]
Underfull \hbox (badness 10000) in paragraph at lines 16749--16749
[]|\OT1/cmr/bx/n/10 Industry View
 []


Underfull \hbox (badness 3657) in paragraph at lines 16751--16751
[]|\OT1/cmr/m/n/10 Short com-plex pass-
 []



[474]

[475]

pdfTeX warning: pdflatex (file ./resources/pdfs/RSPG_System_Arch.pdf): PDF incl
usion: found PDF version <1.7>, but at most version <1.5> allowed
<resources/pdfs/RSPG_System_Arch.pdf, id=12588, 597.19106pt x 845.07718pt>
File: resources/pdfs/RSPG_System_Arch.pdf Graphic file (type pdf)
<use resources/pdfs/RSPG_System_Arch.pdf>
Package pdftex.def Info: resources/pdfs/RSPG_System_Arch.pdf  used on input lin
e 16876.
(pdftex.def)             Requested size: 446.69328pt x 376.71776pt.


[476]
Overfull \hbox (11.13023pt too wide) in paragraph at lines 16915--16917
[][][][] 
 []



[477 <./resources/pdfs/RSPG_System_Arch.pdf>]

[478]

[479]

[480]

[481]

[482]

[483]

[484]

[485]

[486]

[487]

Package caption Warning: The option `hypcap=true' will be ignored for this
(caption)                particular \caption on input line 17276.
See the caption package documentation for explanation.

<resources/images/rspg_landing_screen.png, id=13044, 346.29375pt x 289.08pt>
File: resources/images/rspg_landing_screen.png Graphic file (type png)
<use resources/images/rspg_landing_screen.png>
Package pdftex.def Info: resources/images/rspg_landing_screen.png  used on inpu
t line 17293.
(pdftex.def)             Requested size: 223.34663pt x 186.44855pt.
<resources/images/rspg_menu.png, id=13045, 303.38344pt x 219.06844pt>
File: resources/images/rspg_menu.png Graphic file (type png)
<use resources/images/rspg_menu.png>
Package pdftex.def Info: resources/images/rspg_menu.png  used on input line 172
99.
(pdftex.def)             Requested size: 223.34663pt x 161.2791pt.
<resources/images/rspg_menu_humane.png, id=13046, 419.31656pt x 294.34969pt>
File: resources/images/rspg_menu_humane.png Graphic file (type png)
<use resources/images/rspg_menu_humane.png>
Package pdftex.def Info: resources/images/rspg_menu_humane.png  used on input l
ine 17305.
(pdftex.def)             Requested size: 223.34663pt x 156.78159pt.
<resources/images/rspg_results_cli.png, id=13047, 295.1025pt x 401.24907pt>
File: resources/images/rspg_results_cli.png Graphic file (type png)
<use resources/images/rspg_results_cli.png>
Package pdftex.def Info: resources/images/rspg_results_cli.png  used on input l
ine 17311.
(pdftex.def)             Requested size: 223.34663pt x 303.69121pt.

Underfull \vbox (badness 10000) has occurred while \output is active []



[488]
<resources/images/rspg_results_mobile.png, id=13059, 1673.25125pt x 2930.95pt>
File: resources/images/rspg_results_mobile.png Graphic file (type png)
<use resources/images/rspg_results_mobile.png>
Package pdftex.def Info: resources/images/rspg_results_mobile.png  used on inpu
t line 17329.
(pdftex.def)             Requested size: 223.34663pt x 391.18892pt.
<resources/images/tea_web_ide_rspg_outputs.png, id=13060, 1673.25125pt x 2930.9
5pt>
File: resources/images/tea_web_ide_rspg_outputs.png Graphic file (type png)
<use resources/images/tea_web_ide_rspg_outputs.png>
Package pdftex.def Info: resources/images/tea_web_ide_rspg_outputs.png  used on
 input line 17335.
(pdftex.def)             Requested size: 223.34663pt x 391.18892pt.

Underfull \vbox (badness 10000) has occurred while \output is active []



[489 <./resources/images/rspg_landing_screen.png> <./resources/images/rspg_menu
.png> <./resources/images/rspg_menu_humane.png> <./resources/images/rspg_result
s_cli.png>]
\openout9 = `TAZ_BOOK.listing'.

 (TAZ_BOOK.listing)

[490 <./resources/images/rspg_results_mobile.png> <./resources/images/tea_web_i
de_rspg_outputs.png>]
\openout9 = `TAZ_BOOK.listing'.

 (TAZ_BOOK.listing)
\openout9 = `TAZ_BOOK.listing'.

 (TAZ_BOOK.listing)

[491]
\openout9 = `TAZ_BOOK.listing'.

 (TAZ_BOOK.listing)
\openout9 = `TAZ_BOOK.listing'.

 (TAZ_BOOK.listing)
\openout9 = `TAZ_BOOK.listing'.

 (TAZ_BOOK.listing)
\openout9 = `TAZ_BOOK.listing'.


(TAZ_BOOK.listing)

[492]

[493]

[494]

[495]

[496]

Package caption Warning: The option `hypcap=true' will be ignored for this
(caption)                particular \caption on input line 17624.
See the caption package documentation for explanation.

\openout9 = `TAZ_BOOK.listing'.

(TAZ_BOOK.listing)
\openout9 = `TAZ_BOOK.listing'.

 (TAZ_BOOK.listing)
Underfull \vbox (badness 10000) has occurred while \output is active []



[497]

[498]
Chapter 29.

Underfull \hbox (badness 10000) in paragraph at lines 17670--17671
[]\OT1/cmr/m/n/17.28 Write/Output Data via
 []


Underfull \hbox (badness 1742) in paragraph at lines 17674--17675
[]\OT1/cmr/m/n/17.28 Perform Com-plex In-ter-ac-tions
 []


Overfull \hbox (24.39998pt too wide) in paragraph at lines 17691--17724
[][] 
 []


Underfull \vbox (badness 10000) has occurred while \output is active []



[499

]

[500]

[501]
\openout9 = `TAZ_BOOK.listing'.

 (TAZ_BOOK.listing)
<resources/images/debug_tea_web_functionality_case1.png, id=13287, 498.36188pt 
x 360.59718pt>
File: resources/images/debug_tea_web_functionality_case1.png Graphic file (type
 png)
<use resources/images/debug_tea_web_functionality_case1.png>
Package pdftex.def Info: resources/images/debug_tea_web_functionality_case1.png
  used on input line 17790.
(pdftex.def)             Requested size: 496.32924pt x 359.13818pt.

Underfull \vbox (badness 10000) has occurred while \output is active []



[502]

[503 <./resources/images/debug_tea_web_functionality_case1.png>]
\openout9 = `TAZ_BOOK.listing'.


(TAZ_BOOK.listing)

[504]
<resources/images/debug_tea_web_functionality_case2.png, id=13339, 511.15968pt 
x 241.65282pt>
File: resources/images/debug_tea_web_functionality_case2.png Graphic file (type
 png)
<use resources/images/debug_tea_web_functionality_case2.png>
Package pdftex.def Info: resources/images/debug_tea_web_functionality_case2.png
  used on input line 17859.
(pdftex.def)             Requested size: 496.32924pt x 234.64262pt.


[505 <./resources/images/debug_tea_web_functionality_case2.png>]
\openout9 = `TAZ_BOOK.listing'.


(TAZ_BOOK.listing)

[506]
\openout9 = `TAZ_BOOK.listing'.

 (TAZ_BOOK.listing)

[507]
<resources/images/debug_tea_web_functionality_case3.png, id=13419, 508.90125pt 
x 289.83281pt>
File: resources/images/debug_tea_web_functionality_case3.png Graphic file (type
 png)
<use resources/images/debug_tea_web_functionality_case3.png>
Package pdftex.def Info: resources/images/debug_tea_web_functionality_case3.png
  used on input line 17989.
(pdftex.def)             Requested size: 496.32924pt x 282.68535pt.

Underfull \vbox (badness 10000) has occurred while \output is active []



[508 <./resources/images/debug_tea_web_functionality_case3.png>]
\openout9 = `TAZ_BOOK.listing'.


(TAZ_BOOK.listing)

[509]

[510]
Underfull \vbox (badness 10000) has occurred while \output is active []



[511]

[512]

[513]

[514]
Underfull \vbox (badness 10000) has occurred while \output is active []



[515]
Underfull \vbox (badness 10000) has occurred while \output is active []



[516]
\openout9 = `TAZ_BOOK.listing'.

 (TAZ_BOOK.listing)

[517]
\openout9 = `TAZ_BOOK.listing'.

 (TAZ_BOOK.listing)

[518]

[519]
\openout9 = `TAZ_BOOK.listing'.

 (TAZ_BOOK.listing)
Underfull \vbox (badness 1253) has occurred while \output is active []



[520]
\openout9 = `TAZ_BOOK.listing'.

 (TAZ_BOOK.listing)
Underfull \vbox (badness 3260) has occurred while \output is active []



[521]
\openout9 = `TAZ_BOOK.listing'.

 (TAZ_BOOK.listing)
Underfull \vbox (badness 10000) has occurred while \output is active []



[522]
\openout9 = `TAZ_BOOK.listing'.

 (TAZ_BOOK.listing)
Underfull \hbox (badness 1231) in paragraph at lines 18481--18481
[][][]\OT1/cmr/bx/n/8 FUTURE WORK: \OT1/cmr/m/n/8 More re-search and ex-per-i-m
en-ta-tion is due con-cern-ing how best to im-ple-men-t/de-sign this TEA
 []



[523]
\openout9 = `TAZ_BOOK.listing'.

 (TAZ_BOOK.listing)
Underfull \vbox (badness 10000) has occurred while \output is active []



[524]
\openout9 = `TAZ_BOOK.listing'.

 (TAZ_BOOK.listing)

[525]
Underfull \hbox (badness 10000) in paragraph at lines 18611--18612
[]\OT1/cmtt/m/n/14.4 The highest stage of any programming language or system
 []


Underfull \hbox (badness 10000) in paragraph at lines 18626--18627
[]\OT1/cmtt/m/n/14.4 Every sufficiently advanced programming language
 []



[526]
Overfull \hbox (180.07965pt too wide) in paragraph at lines 18767--18769
[][][] 
 []


Overfull \hbox (44.48268pt too wide) in paragraph at lines 18769--18771
[][][][] 
 []



[527]
Underfull \vbox (badness 10000) has occurred while \output is active []



[528]

[529]

[530]

[531]

[532]

Package caption Warning: The option `hypcap=true' will be ignored for this
(caption)                particular \caption on input line 18857.
See the caption package documentation for explanation.

\openout9 = `TAZ_BOOK.listing'.

(TAZ_BOOK.listing)

[533]

[534]
Underfull \vbox (badness 10000) has occurred while \output is active []



[535]
Underfull \vbox (badness 10000) has occurred while \output is active []



[536]
<resources/images/emailer_1.5_example_dear_waltz.png, id=14148, 1146.2825pt x 2
007.5pt>
File: resources/images/emailer_1.5_example_dear_waltz.png Graphic file (type pn
g)
<use resources/images/emailer_1.5_example_dear_waltz.png>
Package pdftex.def Info: resources/images/emailer_1.5_example_dear_waltz.png  u
sed on input line 18965.
(pdftex.def)             Requested size: 249.89163pt x 437.6531pt.


[537 <./resources/images/emailer_1.5_example_dear_waltz.png>]

[538]
Chapter 30.

Underfull \hbox (badness 3323) in paragraph at lines 19015--19016
[]\OT1/cmr/m/n/17.28 Another way to dy-nam-i-cally
 []


Overfull \hbox (24.39998pt too wide) in paragraph at lines 19032--19053
[][] 
 []



[539

]
\openout9 = `TAZ_BOOK.listing'.

 (TAZ_BOOK.listing)

[540]

[541]

[542]

[543]

Package caption Warning: The option `hypcap=true' will be ignored for this
(caption)                particular \caption on input line 19262.
See the caption package documentation for explanation.


Underfull \vbox (badness 10000) has occurred while \output is active []



[544]
\openout9 = `TAZ_BOOK.listing'.

 (TAZ_BOOK.listing)
Underfull \vbox (badness 10000) has occurred while \output is active []



[545]
Underfull \vbox (badness 10000) has occurred while \output is active []



[546]
\openout9 = `TAZ_BOOK.listing'.

 (TAZ_BOOK.listing)

[547]

[548]

[549]

[550]

Package caption Warning: The option `hypcap=true' will be ignored for this
(caption)                particular \caption on input line 19502.
See the caption package documentation for explanation.



[551]

[552]
Chapter 31.
LaTeX Font Info:    Font shape `OT1/cmtt/bx/n' in size <17.28> not available
(Font)              Font shape `OT1/cmtt/m/n' tried instead on input line 19547
.

Underfull \hbox (badness 10000) in paragraph at lines 19547--19548
[]\OT1/cmr/m/n/17.28 Returning Data pre-vi-ously
 []


Underfull \hbox (badness 10000) in paragraph at lines 19550--19551
[]\OT1/cmr/m/n/17.28 Reading Per-sis-tent (TEA
 []


Underfull \hbox (badness 4266) in paragraph at lines 19594--19595
[]|\OT1/cmr/m/n/10 Return How Many Records are Cur-rently stored in \OT1/cmr/bx
/n/10 TEA
 []


Overfull \hbox (24.39998pt too wide) in paragraph at lines 19567--19603
[][] 
 []


Underfull \vbox (badness 10000) has occurred while \output is active []



[553

]

[554]

[555]
Underfull \vbox (badness 3547) has occurred while \output is active []



[556]

[557]
\openout9 = `TAZ_BOOK.listing'.

 (TAZ_BOOK.listing)
\openout9 = `TAZ_BOOK.listing'.

 (TAZ_BOOK.listing)
\openout9 = `TAZ_BOOK.listing'.

 (TAZ_BOOK.listing)

[558]

[559]
Overfull \hbox (117.83513pt too wide) in paragraph at lines 19888--19889
[][][] 
 []


Overfull \hbox (35.5906pt too wide) in paragraph at lines 19965--19966
[][][][] 
 []


Overfull \hbox (17.80646pt too wide) in paragraph at lines 20043--20044
[][][][] 
 []



[560]

[561]

[562]

[563]

[564]

[565]

[566]

[567]

[568]

Package caption Warning: The option `hypcap=true' will be ignored for this
(caption)                particular \caption on input line 20172.
See the caption package documentation for explanation.

\openout9 = `TAZ_BOOK.listing'.

(TAZ_BOOK.listing)
Underfull \vbox (badness 10000) has occurred while \output is active []



[569]
\openout9 = `TAZ_BOOK.listing'.

 (TAZ_BOOK.listing)
\openout9 = `TAZ_BOOK.listing'.

 (TAZ_BOOK.listing)

[570]

[571]

[572

]
Chapter 32.

Underfull \hbox (badness 1635) in paragraph at lines 20259--20260
[]\OT1/cmr/m/n/17.28 The \OT1/cmr/bx/n/17.28 Eval-u-ate \OT1/cmr/m/n/17.28 com-
mand for
 []


Underfull \hbox (badness 1803) in paragraph at lines 20261--20262
[]\OT1/cmr/m/n/17.28 Introspect the TEA En-vi-ron-
 []


Overfull \hbox (1.25557pt too wide) in paragraph at lines 20292--20293
|[][]
 []


Overfull \hbox (20.67226pt too wide) in paragraph at lines 20314--20315
|[][]
 []


Overfull \hbox (24.39998pt too wide) in paragraph at lines 20278--20324
[][] 
 []


Underfull \vbox (badness 10000) has occurred while \output is active []



[573]

[574]
Underfull \vbox (badness 4899) has occurred while \output is active []



[575]
Underfull \vbox (badness 2318) has occurred while \output is active []



[576]

[577]

[578]

[579]
<resources/images/screenshot_hack_tea_web_ide_via_ZAP.png, id=15227, 430.60875p
t x 484.81125pt>
File: resources/images/screenshot_hack_tea_web_ide_via_ZAP.png Graphic file (ty
pe png)
<use resources/images/screenshot_hack_tea_web_ide_via_ZAP.png>
Package pdftex.def Info: resources/images/screenshot_hack_tea_web_ide_via_ZAP.p
ng  used on input line 20587.
(pdftex.def)             Requested size: 446.69328pt x 502.9342pt.

Underfull \vbox (badness 10000) has occurred while \output is active []



[580]

[581 <./resources/images/screenshot_hack_tea_web_ide_via_ZAP.png>]

[582]
Chapter 33.
<resources/images/tea_cup_computer3.jpg, id=15253, 1027.84pt x 1027.84pt>
File: resources/images/tea_cup_computer3.jpg Graphic file (type jpg)
<use resources/images/tea_cup_computer3.jpg>
Package pdftex.def Info: resources/images/tea_cup_computer3.jpg  used on input 
line 20647.
(pdftex.def)             Requested size: 397.0649pt x 397.06056pt.

Underfull \hbox (badness 10000) in paragraph at lines 20663--20664
[]\OT1/cmtt/m/n/14.4 Computer systems are complex entities; their hardware and
 []


Underfull \hbox (badness 10000) in paragraph at lines 20663--20664
\OT1/cmtt/m/n/14.4 software are designed to support a few basic illusions that
 []


Underfull \hbox (badness 10000) in paragraph at lines 20663--20664
\OT1/cmtt/m/n/14.4 make them understandable to human beings. An important
 []


Underfull \hbox (badness 10000) in paragraph at lines 20663--20664
\OT1/cmtt/m/n/14.4 illusion is that a virtual machine provides functional
 []


Underfull \hbox (badness 10000) in paragraph at lines 20663--20664
\OT1/cmtt/m/n/14.4 behavior, conforming to all of the illusions it supports.
 []


Underfull \hbox (badness 10000) in paragraph at lines 20663--20664
\OT1/cmtt/m/n/14.4 But every virtual and real machine must have limits and
 []


Underfull \hbox (badness 10000) in paragraph at lines 20663--20664
\OT1/cmtt/m/n/14.4 boundaries. The methods by which these boundaries are
 []


Underfull \vbox (badness 10000) has occurred while \output is active []



[583

 <./resources/images/tea_cup_computer3.jpg>]
Underfull \hbox (badness 10000) in paragraph at lines 20681--20682
[]\OT1/cmtt/m/n/14.4 It is not enough to have a good mind. The main thing is
 []


Underfull \hbox (badness 1248) in paragraph at lines 20712--20712
[]\OT1/cmr/bx/n/17.28 In-BRIEF: Richard Yerkes Kain, a ``Grand-fa-ther" in
 []


Underfull \hbox (badness 10000) in paragraph at lines 20712--20712

 []


Overfull \hbox (6.79999pt too wide) in paragraph at lines 20712--20713
[][] 
 []


Underfull \vbox (badness 10000) has occurred while \output is active []



[584]
Underfull \vbox (badness 10000) has occurred while \output is active []



[585]
Underfull \hbox (badness 10000) in paragraph at lines 20740--20740
[]\OT1/cmr/bx/n/12 Operating Sys-tem \OT1/cmtt/m/n/12 The set of software produ
cts that jointly
 []


Underfull \hbox (badness 10000) in paragraph at lines 20740--20740
\OT1/cmtt/m/n/12 controls the system resources and the processes using these
 []



[586]

[587]

[588]
Underfull \hbox (badness 10000) in paragraph at lines 20848--20849
[]\OT1/cmtt/m/n/14.4 The Linux kernel itself was originally designed by Linus
 []


Underfull \hbox (badness 10000) in paragraph at lines 20848--20849
\OT1/cmtt/m/n/14.4 Torvalds at the University of Helsinki in Finland and later
 []


Underfull \hbox (badness 10000) in paragraph at lines 20848--20849
\OT1/cmtt/m/n/14.4 developed through collaboration with countless volunteers
 []


Underfull \hbox (badness 10000) in paragraph at lines 20848--20849
\OT1/cmtt/m/n/14.4 worldwide. By "kernel," we mean the core of the operating
 []


Underfull \hbox (badness 10000) in paragraph at lines 20848--20849
\OT1/cmtt/m/n/14.4 system itself---not the applications (such as the compiler,
 []


Underfull \hbox (badness 10000) in paragraph at lines 20848--20849
\OT1/cmtt/m/n/14.4 shells, and so forth) that run on it. Today, the term
 []


Underfull \hbox (badness 10000) in paragraph at lines 20848--20849
\OT1/cmtt/m/n/14.4 "Linux" is often used to mean the kernel as well as the
 []


Underfull \vbox (badness 5331) has occurred while \output is active []



[589]

[590]

[591]

[592]
<resources/images/proposing_teaos.jpg, id=15352, 850.17625pt x 1284.8pt>
File: resources/images/proposing_teaos.jpg Graphic file (type jpg)
<use resources/images/proposing_teaos.jpg>
Package pdftex.def Info: resources/images/proposing_teaos.jpg  used on input li
ne 20985.
(pdftex.def)             Requested size: 397.0649pt x 600.05283pt.


[593]
Underfull \vbox (badness 10000) has occurred while \output is active []



[594 <./resources/images/proposing_teaos.jpg>]
Underfull \hbox (badness 10000) in paragraph at lines 21016--21017
[]\OT1/cmtt/m/n/14.4 The design process involves developing several models of
 []


Underfull \hbox (badness 10000) in paragraph at lines 21016--21017
\OT1/cmtt/m/n/14.4 the system at different levels of abstraction. As a design
 []


Underfull \hbox (badness 10000) in paragraph at lines 21016--21017
\OT1/cmtt/m/n/14.4 is decomposed, errors and omissions in earlier stages are
 []


Underfull \hbox (badness 10000) in paragraph at lines 21016--21017
\OT1/cmtt/m/n/14.4 discovered. These feed back to allow earlier design models
 []


Underfull \hbox (badness 10000) in paragraph at lines 21018--21019
[]\OT1/cmtt/m/n/14.4 A specification of some kind is the output of each design
 []


Underfull \hbox (badness 10000) in paragraph at lines 21018--21019
\OT1/cmtt/m/n/14.4 activity. This specification may be an abstract, formal
 []


Underfull \hbox (badness 10000) in paragraph at lines 21018--21019
\OT1/cmtt/m/n/14.4 specification that is produced to clarify the requirements
 []


Underfull \hbox (badness 10000) in paragraph at lines 21018--21019
\OT1/cmtt/m/n/14.4 or it may be a specification of how part of the system is
 []


Underfull \hbox (badness 10000) in paragraph at lines 21018--21019
\OT1/cmtt/m/n/14.4 to be realized. As the design process continues, detail
 []


Underfull \hbox (badness 10000) in paragraph at lines 21018--21019
\OT1/cmtt/m/n/14.4 is added to the specification. The final results of the
 []


Underfull \hbox (badness 10000) in paragraph at lines 21018--21019
\OT1/cmtt/m/n/14.4 process are precise specifications of the algorithms and
 []


Underfull \vbox (badness 10000) has occurred while \output is active []



[595]

pdfTeX warning: pdflatex (file ./resources/pdfs/tos/TEA Operating System - Use-
Case-Diagram.pdf): PDF inclusion: found PDF version <1.7>, but at most version 
<1.5> allowed
<resources/pdfs/tos/TEA Operating System - Use-Case-Diagram.pdf, id=15387, 597.
19106pt x 845.07718pt>
File: resources/pdfs/tos/TEA Operating System - Use-Case-Diagram.pdf Graphic fi
le (type pdf)
<use resources/pdfs/tos/TEA Operating System - Use-Case-Diagram.pdf>
Package pdftex.def Info: resources/pdfs/tos/TEA Operating System - Use-Case-Dia
gram.pdf  used on input line 21046.
(pdftex.def)             Requested size: 446.69328pt x 632.10422pt.

Underfull \vbox (badness 10000) has occurred while \output is active []



[596]
Underfull \vbox (badness 4479) has occurred while \output is active []



[597 <./resources/pdfs/tos/TEA Operating System - Use-Case-Diagram.pdf>]

pdfTeX warning: pdflatex (file ./resources/pdfs/tos/TEA Operating System - ARCH
ITECTURE.pdf): PDF inclusion: found PDF version <1.7>, but at most version <1.5
> allowed
<resources/pdfs/tos/TEA Operating System - ARCHITECTURE.pdf, id=15421, 597.1910
6pt x 845.07718pt>
File: resources/pdfs/tos/TEA Operating System - ARCHITECTURE.pdf Graphic file (
type pdf)
<use resources/pdfs/tos/TEA Operating System - ARCHITECTURE.pdf>
Package pdftex.def Info: resources/pdfs/tos/TEA Operating System - ARCHITECTURE
.pdf  used on input line 21057.
(pdftex.def)             Requested size: 597.1896pt x 845.07512pt.


pdfTeX warning: pdflatex (file ./resources/pdfs/tos/TEA Operating System - ARCH
ITECTURE.pdf): PDF inclusion: found PDF version <1.7>, but at most version <1.5
> allowed
File: resources/pdfs/tos/TEA Operating System - ARCHITECTURE.pdf Graphic file (
type pdf)
<use resources/pdfs/tos/TEA Operating System - ARCHITECTURE.pdf>
Package pdftex.def Info: resources/pdfs/tos/TEA Operating System - ARCHITECTURE
.pdf  used on input line 21057.
(pdftex.def)             Requested size: 597.1896pt x 845.07512pt.


pdfTeX warning: pdflatex (file ./resources/pdfs/tos/TEA Operating System - ARCH
ITECTURE.pdf): PDF inclusion: found PDF version <1.7>, but at most version <1.5
> allowed


pdfTeX warning: pdflatex (file ./resources/pdfs/tos/TEA Operating System - ARCH
ITECTURE.pdf): PDF inclusion: found PDF version <1.7>, but at most version <1.5
> allowed
<resources/pdfs/tos/TEA Operating System - ARCHITECTURE.pdf, id=15424, page=1, 
597.19106pt x 845.07718pt>
File: resources/pdfs/tos/TEA Operating System - ARCHITECTURE.pdf Graphic file (
type pdf)
<use resources/pdfs/tos/TEA Operating System - ARCHITECTURE.pdf, page 1>
Package pdftex.def Info: resources/pdfs/tos/TEA Operating System - ARCHITECTURE
.pdf , page1 used on input line 21057.
(pdftex.def)             Requested size: 597.1896pt x 845.07512pt.
File: resources/pdfs/tos/TEA Operating System - ARCHITECTURE.pdf Graphic file (
type pdf)
<use resources/pdfs/tos/TEA Operating System - ARCHITECTURE.pdf, page 1>
Package pdftex.def Info: resources/pdfs/tos/TEA Operating System - ARCHITECTURE
.pdf , page1 used on input line 21057.
(pdftex.def)             Requested size: 597.21693pt x 845.1138pt.


[598]
File: resources/pdfs/tos/TEA Operating System - ARCHITECTURE.pdf Graphic file (
type pdf)
<use resources/pdfs/tos/TEA Operating System - ARCHITECTURE.pdf, page 1>
Package pdftex.def Info: resources/pdfs/tos/TEA Operating System - ARCHITECTURE
.pdf , page1 used on input line 21057.
(pdftex.def)             Requested size: 597.21693pt x 845.1138pt.
File: resources/pdfs/tos/TEA Operating System - ARCHITECTURE.pdf Graphic file (
type pdf)
<use resources/pdfs/tos/TEA Operating System - ARCHITECTURE.pdf, page 1>
Package pdftex.def Info: resources/pdfs/tos/TEA Operating System - ARCHITECTURE
.pdf , page1 used on input line 21057.
(pdftex.def)             Requested size: 597.21693pt x 845.1138pt.


File: resources/pdfs/tos/TEA Operating System - ARCHITECTURE.pdf Graphic file (
type pdf)
<use resources/pdfs/tos/TEA Operating System - ARCHITECTURE.pdf, page 1>
Package pdftex.def Info: resources/pdfs/tos/TEA Operating System - ARCHITECTURE
.pdf , page1 used on input line 21057.
(pdftex.def)             Requested size: 597.21693pt x 845.1138pt.
[599

 <./resources/pdfs/tos/TEA Operating System - ARCHITECTURE.pdf>]

Package caption Warning: The option `hypcap=true' will be ignored for this
(caption)                particular \caption on input line 21089.
See the caption package documentation for explanation.

<resources/images/teaos/teaos_bootscreen_on_teamobile.png, id=15464, 1673.25125
pt x 2930.95pt>
File: resources/images/teaos/teaos_bootscreen_on_teamobile.png Graphic file (ty
pe png)
<use resources/images/teaos/teaos_bootscreen_on_teamobile.png>
Package pdftex.def Info: resources/images/teaos/teaos_bootscreen_on_teamobile.p
ng  used on input line 21101.
(pdftex.def)             Requested size: 397.0649pt x 695.52647pt.

Underfull \vbox (badness 10000) has occurred while \output is active []



[600]
Underfull \vbox (badness 10000) has occurred while \output is active []



[601 <./resources/images/teaos/teaos_bootscreen_on_teamobile.png>]

[602]

[603]

Package caption Warning: The option `hypcap=true' will be ignored for this
(caption)                particular \caption on input line 21195.
See the caption package documentation for explanation.

<resources/code/teaos_v1.1.0_codelisting.pdf, id=15564, 597.50829pt x 845.0471p
t>
File: resources/code/teaos_v1.1.0_codelisting.pdf Graphic file (type pdf)
<use resources/code/teaos_v1.1.0_codelisting.pdf>
Package pdftex.def Info: resources/code/teaos_v1.1.0_codelisting.pdf  used on i
nput line 21209.
(pdftex.def)             Requested size: 597.50682pt x 845.04504pt.
File: resources/code/teaos_v1.1.0_codelisting.pdf Graphic file (type pdf)
<use resources/code/teaos_v1.1.0_codelisting.pdf>
Package pdftex.def Info: resources/code/teaos_v1.1.0_codelisting.pdf  used on i
nput line 21209.
(pdftex.def)             Requested size: 597.50682pt x 845.04504pt.
<resources/code/teaos_v1.1.0_codelisting.pdf, id=15567, page=1, 597.50829pt x 8
45.0471pt>
File: resources/code/teaos_v1.1.0_codelisting.pdf Graphic file (type pdf)
<use resources/code/teaos_v1.1.0_codelisting.pdf, page 1>
Package pdftex.def Info: resources/code/teaos_v1.1.0_codelisting.pdf , page1 us
ed on input line 21209.
(pdftex.def)             Requested size: 597.50682pt x 845.04504pt.
File: resources/code/teaos_v1.1.0_codelisting.pdf Graphic file (type pdf)
<use resources/code/teaos_v1.1.0_codelisting.pdf, page 1>
Package pdftex.def Info: resources/code/teaos_v1.1.0_codelisting.pdf , page1 us
ed on input line 21209.
(pdftex.def)             Requested size: 597.53416pt x 845.08372pt.


[604]
File: resources/code/teaos_v1.1.0_codelisting.pdf Graphic file (type pdf)
<use resources/code/teaos_v1.1.0_codelisting.pdf, page 1>
Package pdftex.def Info: resources/code/teaos_v1.1.0_codelisting.pdf , page1 us
ed on input line 21209.
(pdftex.def)             Requested size: 597.53416pt x 845.08372pt.
File: resources/code/teaos_v1.1.0_codelisting.pdf Graphic file (type pdf)
<use resources/code/teaos_v1.1.0_codelisting.pdf, page 1>
Package pdftex.def Info: resources/code/teaos_v1.1.0_codelisting.pdf , page1 us
ed on input line 21209.
(pdftex.def)             Requested size: 597.53416pt x 845.08372pt.


File: resources/code/teaos_v1.1.0_codelisting.pdf Graphic file (type pdf)
<use resources/code/teaos_v1.1.0_codelisting.pdf, page 1>
Package pdftex.def Info: resources/code/teaos_v1.1.0_codelisting.pdf , page1 us
ed on input line 21209.
(pdftex.def)             Requested size: 597.53416pt x 845.08372pt.
[605

 <./resources/code/teaos_v1.1.0_codelisting.pdf>]
<resources/code/teaos_v1.1.0_codelisting.pdf, id=15608, page=2, 597.50829pt x 8
45.0471pt>
File: resources/code/teaos_v1.1.0_codelisting.pdf Graphic file (type pdf)
<use resources/code/teaos_v1.1.0_codelisting.pdf, page 2>
Package pdftex.def Info: resources/code/teaos_v1.1.0_codelisting.pdf , page2 us
ed on input line 21209.
(pdftex.def)             Requested size: 597.53416pt x 845.08372pt.
File: resources/code/teaos_v1.1.0_codelisting.pdf Graphic file (type pdf)
<use resources/code/teaos_v1.1.0_codelisting.pdf, page 2>
Package pdftex.def Info: resources/code/teaos_v1.1.0_codelisting.pdf , page2 us
ed on input line 21209.
(pdftex.def)             Requested size: 597.53416pt x 845.08372pt.


File: resources/code/teaos_v1.1.0_codelisting.pdf Graphic file (type pdf)
<use resources/code/teaos_v1.1.0_codelisting.pdf, page 2>
Package pdftex.def Info: resources/code/teaos_v1.1.0_codelisting.pdf , page2 us
ed on input line 21209.
(pdftex.def)             Requested size: 597.53416pt x 845.08372pt.
[606

 <./resources/code/teaos_v1.1.0_codelisting.pdf>]
<resources/code/teaos_v1.1.0_codelisting.pdf, id=15619, page=3, 597.50829pt x 8
45.0471pt>
File: resources/code/teaos_v1.1.0_codelisting.pdf Graphic file (type pdf)
<use resources/code/teaos_v1.1.0_codelisting.pdf, page 3>
Package pdftex.def Info: resources/code/teaos_v1.1.0_codelisting.pdf , page3 us
ed on input line 21209.
(pdftex.def)             Requested size: 597.53416pt x 845.08372pt.
File: resources/code/teaos_v1.1.0_codelisting.pdf Graphic file (type pdf)
<use resources/code/teaos_v1.1.0_codelisting.pdf, page 3>
Package pdftex.def Info: resources/code/teaos_v1.1.0_codelisting.pdf , page3 us
ed on input line 21209.
(pdftex.def)             Requested size: 597.53416pt x 845.08372pt.


File: resources/code/teaos_v1.1.0_codelisting.pdf Graphic file (type pdf)
<use resources/code/teaos_v1.1.0_codelisting.pdf, page 3>
Package pdftex.def Info: resources/code/teaos_v1.1.0_codelisting.pdf , page3 us
ed on input line 21209.
(pdftex.def)             Requested size: 597.53416pt x 845.08372pt.
[607

 <./resources/code/teaos_v1.1.0_codelisting.pdf>]
<resources/code/teaos_v1.1.0_codelisting.pdf, id=15625, page=4, 597.50829pt x 8
45.0471pt>
File: resources/code/teaos_v1.1.0_codelisting.pdf Graphic file (type pdf)
<use resources/code/teaos_v1.1.0_codelisting.pdf, page 4>
Package pdftex.def Info: resources/code/teaos_v1.1.0_codelisting.pdf , page4 us
ed on input line 21209.
(pdftex.def)             Requested size: 597.53416pt x 845.08372pt.
File: resources/code/teaos_v1.1.0_codelisting.pdf Graphic file (type pdf)
<use resources/code/teaos_v1.1.0_codelisting.pdf, page 4>
Package pdftex.def Info: resources/code/teaos_v1.1.0_codelisting.pdf , page4 us
ed on input line 21209.
(pdftex.def)             Requested size: 597.53416pt x 845.08372pt.


File: resources/code/teaos_v1.1.0_codelisting.pdf Graphic file (type pdf)
<use resources/code/teaos_v1.1.0_codelisting.pdf, page 4>
Package pdftex.def Info: resources/code/teaos_v1.1.0_codelisting.pdf , page4 us
ed on input line 21209.
(pdftex.def)             Requested size: 597.53416pt x 845.08372pt.
[608

 <./resources/code/teaos_v1.1.0_codelisting.pdf>]
<resources/code/teaos_v1.1.0_codelisting.pdf, id=15630, page=5, 597.50829pt x 8
45.0471pt>
File: resources/code/teaos_v1.1.0_codelisting.pdf Graphic file (type pdf)
<use resources/code/teaos_v1.1.0_codelisting.pdf, page 5>
Package pdftex.def Info: resources/code/teaos_v1.1.0_codelisting.pdf , page5 us
ed on input line 21209.
(pdftex.def)             Requested size: 597.53416pt x 845.08372pt.
File: resources/code/teaos_v1.1.0_codelisting.pdf Graphic file (type pdf)
<use resources/code/teaos_v1.1.0_codelisting.pdf, page 5>
Package pdftex.def Info: resources/code/teaos_v1.1.0_codelisting.pdf , page5 us
ed on input line 21209.
(pdftex.def)             Requested size: 597.53416pt x 845.08372pt.


File: resources/code/teaos_v1.1.0_codelisting.pdf Graphic file (type pdf)
<use resources/code/teaos_v1.1.0_codelisting.pdf, page 5>
Package pdftex.def Info: resources/code/teaos_v1.1.0_codelisting.pdf , page5 us
ed on input line 21209.
(pdftex.def)             Requested size: 597.53416pt x 845.08372pt.
[609

 <./resources/code/teaos_v1.1.0_codelisting.pdf>]
<resources/code/teaos_v1.1.0_codelisting.pdf, id=15635, page=6, 597.50829pt x 8
45.0471pt>
File: resources/code/teaos_v1.1.0_codelisting.pdf Graphic file (type pdf)
<use resources/code/teaos_v1.1.0_codelisting.pdf, page 6>
Package pdftex.def Info: resources/code/teaos_v1.1.0_codelisting.pdf , page6 us
ed on input line 21209.
(pdftex.def)             Requested size: 597.53416pt x 845.08372pt.
File: resources/code/teaos_v1.1.0_codelisting.pdf Graphic file (type pdf)
<use resources/code/teaos_v1.1.0_codelisting.pdf, page 6>
Package pdftex.def Info: resources/code/teaos_v1.1.0_codelisting.pdf , page6 us
ed on input line 21209.
(pdftex.def)             Requested size: 597.53416pt x 845.08372pt.


File: resources/code/teaos_v1.1.0_codelisting.pdf Graphic file (type pdf)
<use resources/code/teaos_v1.1.0_codelisting.pdf, page 6>
Package pdftex.def Info: resources/code/teaos_v1.1.0_codelisting.pdf , page6 us
ed on input line 21209.
(pdftex.def)             Requested size: 597.53416pt x 845.08372pt.
[610

 <./resources/code/teaos_v1.1.0_codelisting.pdf>]
<resources/code/teaos_v1.1.0_codelisting.pdf, id=15640, page=7, 597.50829pt x 8
45.0471pt>
File: resources/code/teaos_v1.1.0_codelisting.pdf Graphic file (type pdf)
<use resources/code/teaos_v1.1.0_codelisting.pdf, page 7>
Package pdftex.def Info: resources/code/teaos_v1.1.0_codelisting.pdf , page7 us
ed on input line 21209.
(pdftex.def)             Requested size: 597.53416pt x 845.08372pt.
File: resources/code/teaos_v1.1.0_codelisting.pdf Graphic file (type pdf)
<use resources/code/teaos_v1.1.0_codelisting.pdf, page 7>
Package pdftex.def Info: resources/code/teaos_v1.1.0_codelisting.pdf , page7 us
ed on input line 21209.
(pdftex.def)             Requested size: 597.53416pt x 845.08372pt.


File: resources/code/teaos_v1.1.0_codelisting.pdf Graphic file (type pdf)
<use resources/code/teaos_v1.1.0_codelisting.pdf, page 7>
Package pdftex.def Info: resources/code/teaos_v1.1.0_codelisting.pdf , page7 us
ed on input line 21209.
(pdftex.def)             Requested size: 597.53416pt x 845.08372pt.
[611

 <./resources/code/teaos_v1.1.0_codelisting.pdf>]
<resources/code/teaos_v1.1.0_codelisting.pdf, id=15645, page=8, 597.50829pt x 8
45.0471pt>
File: resources/code/teaos_v1.1.0_codelisting.pdf Graphic file (type pdf)
<use resources/code/teaos_v1.1.0_codelisting.pdf, page 8>
Package pdftex.def Info: resources/code/teaos_v1.1.0_codelisting.pdf , page8 us
ed on input line 21209.
(pdftex.def)             Requested size: 597.53416pt x 845.08372pt.
File: resources/code/teaos_v1.1.0_codelisting.pdf Graphic file (type pdf)
<use resources/code/teaos_v1.1.0_codelisting.pdf, page 8>
Package pdftex.def Info: resources/code/teaos_v1.1.0_codelisting.pdf , page8 us
ed on input line 21209.
(pdftex.def)             Requested size: 597.53416pt x 845.08372pt.


File: resources/code/teaos_v1.1.0_codelisting.pdf Graphic file (type pdf)
<use resources/code/teaos_v1.1.0_codelisting.pdf, page 8>
Package pdftex.def Info: resources/code/teaos_v1.1.0_codelisting.pdf , page8 us
ed on input line 21209.
(pdftex.def)             Requested size: 597.53416pt x 845.08372pt.
[612

 <./resources/code/teaos_v1.1.0_codelisting.pdf>]
<resources/code/teaos_v1.1.0_codelisting.pdf, id=15650, page=9, 597.50829pt x 8
45.0471pt>
File: resources/code/teaos_v1.1.0_codelisting.pdf Graphic file (type pdf)
<use resources/code/teaos_v1.1.0_codelisting.pdf, page 9>
Package pdftex.def Info: resources/code/teaos_v1.1.0_codelisting.pdf , page9 us
ed on input line 21209.
(pdftex.def)             Requested size: 597.53416pt x 845.08372pt.
File: resources/code/teaos_v1.1.0_codelisting.pdf Graphic file (type pdf)
<use resources/code/teaos_v1.1.0_codelisting.pdf, page 9>
Package pdftex.def Info: resources/code/teaos_v1.1.0_codelisting.pdf , page9 us
ed on input line 21209.
(pdftex.def)             Requested size: 597.53416pt x 845.08372pt.


File: resources/code/teaos_v1.1.0_codelisting.pdf Graphic file (type pdf)
<use resources/code/teaos_v1.1.0_codelisting.pdf, page 9>
Package pdftex.def Info: resources/code/teaos_v1.1.0_codelisting.pdf , page9 us
ed on input line 21209.
(pdftex.def)             Requested size: 597.53416pt x 845.08372pt.
[613

 <./resources/code/teaos_v1.1.0_codelisting.pdf>]
<resources/code/teaos_v1.1.0_codelisting.pdf, id=15656, page=10, 597.50829pt x 
845.0471pt>
File: resources/code/teaos_v1.1.0_codelisting.pdf Graphic file (type pdf)
<use resources/code/teaos_v1.1.0_codelisting.pdf, page 10>
Package pdftex.def Info: resources/code/teaos_v1.1.0_codelisting.pdf , page10 u
sed on input line 21209.
(pdftex.def)             Requested size: 597.53416pt x 845.08372pt.
File: resources/code/teaos_v1.1.0_codelisting.pdf Graphic file (type pdf)
<use resources/code/teaos_v1.1.0_codelisting.pdf, page 10>
Package pdftex.def Info: resources/code/teaos_v1.1.0_codelisting.pdf , page10 u
sed on input line 21209.
(pdftex.def)             Requested size: 597.53416pt x 845.08372pt.


File: resources/code/teaos_v1.1.0_codelisting.pdf Graphic file (type pdf)
<use resources/code/teaos_v1.1.0_codelisting.pdf, page 10>
Package pdftex.def Info: resources/code/teaos_v1.1.0_codelisting.pdf , page10 u
sed on input line 21209.
(pdftex.def)             Requested size: 597.53416pt x 845.08372pt.
[614

 <./resources/code/teaos_v1.1.0_codelisting.pdf>]
<resources/code/teaos_v1.1.0_codelisting.pdf, id=15661, page=11, 597.50829pt x 
845.0471pt>
File: resources/code/teaos_v1.1.0_codelisting.pdf Graphic file (type pdf)
<use resources/code/teaos_v1.1.0_codelisting.pdf, page 11>
Package pdftex.def Info: resources/code/teaos_v1.1.0_codelisting.pdf , page11 u
sed on input line 21209.
(pdftex.def)             Requested size: 597.53416pt x 845.08372pt.
File: resources/code/teaos_v1.1.0_codelisting.pdf Graphic file (type pdf)
<use resources/code/teaos_v1.1.0_codelisting.pdf, page 11>
Package pdftex.def Info: resources/code/teaos_v1.1.0_codelisting.pdf , page11 u
sed on input line 21209.
(pdftex.def)             Requested size: 597.53416pt x 845.08372pt.


File: resources/code/teaos_v1.1.0_codelisting.pdf Graphic file (type pdf)
<use resources/code/teaos_v1.1.0_codelisting.pdf, page 11>
Package pdftex.def Info: resources/code/teaos_v1.1.0_codelisting.pdf , page11 u
sed on input line 21209.
(pdftex.def)             Requested size: 597.53416pt x 845.08372pt.
[615

 <./resources/code/teaos_v1.1.0_codelisting.pdf>]
<resources/code/teaos_v1.1.0_codelisting.pdf, id=15666, page=12, 597.50829pt x 
845.0471pt>
File: resources/code/teaos_v1.1.0_codelisting.pdf Graphic file (type pdf)
<use resources/code/teaos_v1.1.0_codelisting.pdf, page 12>
Package pdftex.def Info: resources/code/teaos_v1.1.0_codelisting.pdf , page12 u
sed on input line 21209.
(pdftex.def)             Requested size: 597.53416pt x 845.08372pt.
File: resources/code/teaos_v1.1.0_codelisting.pdf Graphic file (type pdf)
<use resources/code/teaos_v1.1.0_codelisting.pdf, page 12>
Package pdftex.def Info: resources/code/teaos_v1.1.0_codelisting.pdf , page12 u
sed on input line 21209.
(pdftex.def)             Requested size: 597.53416pt x 845.08372pt.


File: resources/code/teaos_v1.1.0_codelisting.pdf Graphic file (type pdf)
<use resources/code/teaos_v1.1.0_codelisting.pdf, page 12>
Package pdftex.def Info: resources/code/teaos_v1.1.0_codelisting.pdf , page12 u
sed on input line 21209.
(pdftex.def)             Requested size: 597.53416pt x 845.08372pt.
[616

 <./resources/code/teaos_v1.1.0_codelisting.pdf>]
<resources/code/teaos_v1.1.0_codelisting.pdf, id=15671, page=13, 597.50829pt x 
845.0471pt>
File: resources/code/teaos_v1.1.0_codelisting.pdf Graphic file (type pdf)
<use resources/code/teaos_v1.1.0_codelisting.pdf, page 13>
Package pdftex.def Info: resources/code/teaos_v1.1.0_codelisting.pdf , page13 u
sed on input line 21209.
(pdftex.def)             Requested size: 597.53416pt x 845.08372pt.
File: resources/code/teaos_v1.1.0_codelisting.pdf Graphic file (type pdf)
<use resources/code/teaos_v1.1.0_codelisting.pdf, page 13>
Package pdftex.def Info: resources/code/teaos_v1.1.0_codelisting.pdf , page13 u
sed on input line 21209.
(pdftex.def)             Requested size: 597.53416pt x 845.08372pt.


File: resources/code/teaos_v1.1.0_codelisting.pdf Graphic file (type pdf)
<use resources/code/teaos_v1.1.0_codelisting.pdf, page 13>
Package pdftex.def Info: resources/code/teaos_v1.1.0_codelisting.pdf , page13 u
sed on input line 21209.
(pdftex.def)             Requested size: 597.53416pt x 845.08372pt.
[617

 <./resources/code/teaos_v1.1.0_codelisting.pdf>]
<resources/code/teaos_v1.1.0_codelisting.pdf, id=15676, page=14, 597.50829pt x 
845.0471pt>
File: resources/code/teaos_v1.1.0_codelisting.pdf Graphic file (type pdf)
<use resources/code/teaos_v1.1.0_codelisting.pdf, page 14>
Package pdftex.def Info: resources/code/teaos_v1.1.0_codelisting.pdf , page14 u
sed on input line 21209.
(pdftex.def)             Requested size: 597.53416pt x 845.08372pt.
File: resources/code/teaos_v1.1.0_codelisting.pdf Graphic file (type pdf)
<use resources/code/teaos_v1.1.0_codelisting.pdf, page 14>
Package pdftex.def Info: resources/code/teaos_v1.1.0_codelisting.pdf , page14 u
sed on input line 21209.
(pdftex.def)             Requested size: 597.53416pt x 845.08372pt.


File: resources/code/teaos_v1.1.0_codelisting.pdf Graphic file (type pdf)
<use resources/code/teaos_v1.1.0_codelisting.pdf, page 14>
Package pdftex.def Info: resources/code/teaos_v1.1.0_codelisting.pdf , page14 u
sed on input line 21209.
(pdftex.def)             Requested size: 597.53416pt x 845.08372pt.
[618

 <./resources/code/teaos_v1.1.0_codelisting.pdf>]
<resources/code/teaos_v1.1.0_codelisting.pdf, id=15681, page=15, 597.50829pt x 
845.0471pt>
File: resources/code/teaos_v1.1.0_codelisting.pdf Graphic file (type pdf)
<use resources/code/teaos_v1.1.0_codelisting.pdf, page 15>
Package pdftex.def Info: resources/code/teaos_v1.1.0_codelisting.pdf , page15 u
sed on input line 21209.
(pdftex.def)             Requested size: 597.53416pt x 845.08372pt.
File: resources/code/teaos_v1.1.0_codelisting.pdf Graphic file (type pdf)
<use resources/code/teaos_v1.1.0_codelisting.pdf, page 15>
Package pdftex.def Info: resources/code/teaos_v1.1.0_codelisting.pdf , page15 u
sed on input line 21209.
(pdftex.def)             Requested size: 597.53416pt x 845.08372pt.


File: resources/code/teaos_v1.1.0_codelisting.pdf Graphic file (type pdf)
<use resources/code/teaos_v1.1.0_codelisting.pdf, page 15>
Package pdftex.def Info: resources/code/teaos_v1.1.0_codelisting.pdf , page15 u
sed on input line 21209.
(pdftex.def)             Requested size: 597.53416pt x 845.08372pt.
[619

 <./resources/code/teaos_v1.1.0_codelisting.pdf>]
<resources/code/teaos_v1.1.0_codelisting.pdf, id=15687, page=16, 597.50829pt x 
845.0471pt>
File: resources/code/teaos_v1.1.0_codelisting.pdf Graphic file (type pdf)
<use resources/code/teaos_v1.1.0_codelisting.pdf, page 16>
Package pdftex.def Info: resources/code/teaos_v1.1.0_codelisting.pdf , page16 u
sed on input line 21209.
(pdftex.def)             Requested size: 597.53416pt x 845.08372pt.
File: resources/code/teaos_v1.1.0_codelisting.pdf Graphic file (type pdf)
<use resources/code/teaos_v1.1.0_codelisting.pdf, page 16>
Package pdftex.def Info: resources/code/teaos_v1.1.0_codelisting.pdf , page16 u
sed on input line 21209.
(pdftex.def)             Requested size: 597.53416pt x 845.08372pt.


File: resources/code/teaos_v1.1.0_codelisting.pdf Graphic file (type pdf)
<use resources/code/teaos_v1.1.0_codelisting.pdf, page 16>
Package pdftex.def Info: resources/code/teaos_v1.1.0_codelisting.pdf , page16 u
sed on input line 21209.
(pdftex.def)             Requested size: 597.53416pt x 845.08372pt.
[620

 <./resources/code/teaos_v1.1.0_codelisting.pdf>]
<resources/code/teaos_v1.1.0_codelisting.pdf, id=15692, page=17, 597.50829pt x 
845.0471pt>
File: resources/code/teaos_v1.1.0_codelisting.pdf Graphic file (type pdf)
<use resources/code/teaos_v1.1.0_codelisting.pdf, page 17>
Package pdftex.def Info: resources/code/teaos_v1.1.0_codelisting.pdf , page17 u
sed on input line 21209.
(pdftex.def)             Requested size: 597.53416pt x 845.08372pt.
File: resources/code/teaos_v1.1.0_codelisting.pdf Graphic file (type pdf)
<use resources/code/teaos_v1.1.0_codelisting.pdf, page 17>
Package pdftex.def Info: resources/code/teaos_v1.1.0_codelisting.pdf , page17 u
sed on input line 21209.
(pdftex.def)             Requested size: 597.53416pt x 845.08372pt.


File: resources/code/teaos_v1.1.0_codelisting.pdf Graphic file (type pdf)
<use resources/code/teaos_v1.1.0_codelisting.pdf, page 17>
Package pdftex.def Info: resources/code/teaos_v1.1.0_codelisting.pdf , page17 u
sed on input line 21209.
(pdftex.def)             Requested size: 597.53416pt x 845.08372pt.
[621

 <./resources/code/teaos_v1.1.0_codelisting.pdf>]
<resources/code/teaos_v1.1.0_codelisting.pdf, id=15697, page=18, 597.50829pt x 
845.0471pt>
File: resources/code/teaos_v1.1.0_codelisting.pdf Graphic file (type pdf)
<use resources/code/teaos_v1.1.0_codelisting.pdf, page 18>
Package pdftex.def Info: resources/code/teaos_v1.1.0_codelisting.pdf , page18 u
sed on input line 21209.
(pdftex.def)             Requested size: 597.53416pt x 845.08372pt.
File: resources/code/teaos_v1.1.0_codelisting.pdf Graphic file (type pdf)
<use resources/code/teaos_v1.1.0_codelisting.pdf, page 18>
Package pdftex.def Info: resources/code/teaos_v1.1.0_codelisting.pdf , page18 u
sed on input line 21209.
(pdftex.def)             Requested size: 597.53416pt x 845.08372pt.


File: resources/code/teaos_v1.1.0_codelisting.pdf Graphic file (type pdf)
<use resources/code/teaos_v1.1.0_codelisting.pdf, page 18>
Package pdftex.def Info: resources/code/teaos_v1.1.0_codelisting.pdf , page18 u
sed on input line 21209.
(pdftex.def)             Requested size: 597.53416pt x 845.08372pt.
[622

 <./resources/code/teaos_v1.1.0_codelisting.pdf>]
<resources/code/teaos_v1.1.0_codelisting.pdf, id=15702, page=19, 597.50829pt x 
845.0471pt>
File: resources/code/teaos_v1.1.0_codelisting.pdf Graphic file (type pdf)
<use resources/code/teaos_v1.1.0_codelisting.pdf, page 19>
Package pdftex.def Info: resources/code/teaos_v1.1.0_codelisting.pdf , page19 u
sed on input line 21209.
(pdftex.def)             Requested size: 597.53416pt x 845.08372pt.
File: resources/code/teaos_v1.1.0_codelisting.pdf Graphic file (type pdf)
<use resources/code/teaos_v1.1.0_codelisting.pdf, page 19>
Package pdftex.def Info: resources/code/teaos_v1.1.0_codelisting.pdf , page19 u
sed on input line 21209.
(pdftex.def)             Requested size: 597.53416pt x 845.08372pt.


File: resources/code/teaos_v1.1.0_codelisting.pdf Graphic file (type pdf)
<use resources/code/teaos_v1.1.0_codelisting.pdf, page 19>
Package pdftex.def Info: resources/code/teaos_v1.1.0_codelisting.pdf , page19 u
sed on input line 21209.
(pdftex.def)             Requested size: 597.53416pt x 845.08372pt.
[623

 <./resources/code/teaos_v1.1.0_codelisting.pdf>]
<resources/code/teaos_v1.1.0_codelisting.pdf, id=15707, page=20, 597.50829pt x 
845.0471pt>
File: resources/code/teaos_v1.1.0_codelisting.pdf Graphic file (type pdf)
<use resources/code/teaos_v1.1.0_codelisting.pdf, page 20>
Package pdftex.def Info: resources/code/teaos_v1.1.0_codelisting.pdf , page20 u
sed on input line 21209.
(pdftex.def)             Requested size: 597.53416pt x 845.08372pt.
File: resources/code/teaos_v1.1.0_codelisting.pdf Graphic file (type pdf)
<use resources/code/teaos_v1.1.0_codelisting.pdf, page 20>
Package pdftex.def Info: resources/code/teaos_v1.1.0_codelisting.pdf , page20 u
sed on input line 21209.
(pdftex.def)             Requested size: 597.53416pt x 845.08372pt.


File: resources/code/teaos_v1.1.0_codelisting.pdf Graphic file (type pdf)
<use resources/code/teaos_v1.1.0_codelisting.pdf, page 20>
Package pdftex.def Info: resources/code/teaos_v1.1.0_codelisting.pdf , page20 u
sed on input line 21209.
(pdftex.def)             Requested size: 597.53416pt x 845.08372pt.
[624

 <./resources/code/teaos_v1.1.0_codelisting.pdf>]
<resources/code/teaos_v1.1.0_codelisting.pdf, id=15712, page=21, 597.50829pt x 
845.0471pt>
File: resources/code/teaos_v1.1.0_codelisting.pdf Graphic file (type pdf)
<use resources/code/teaos_v1.1.0_codelisting.pdf, page 21>
Package pdftex.def Info: resources/code/teaos_v1.1.0_codelisting.pdf , page21 u
sed on input line 21209.
(pdftex.def)             Requested size: 597.53416pt x 845.08372pt.
File: resources/code/teaos_v1.1.0_codelisting.pdf Graphic file (type pdf)
<use resources/code/teaos_v1.1.0_codelisting.pdf, page 21>
Package pdftex.def Info: resources/code/teaos_v1.1.0_codelisting.pdf , page21 u
sed on input line 21209.
(pdftex.def)             Requested size: 597.53416pt x 845.08372pt.


File: resources/code/teaos_v1.1.0_codelisting.pdf Graphic file (type pdf)
<use resources/code/teaos_v1.1.0_codelisting.pdf, page 21>
Package pdftex.def Info: resources/code/teaos_v1.1.0_codelisting.pdf , page21 u
sed on input line 21209.
(pdftex.def)             Requested size: 597.53416pt x 845.08372pt.
[625

 <./resources/code/teaos_v1.1.0_codelisting.pdf>]
<resources/code/teaos_v1.1.0_codelisting.pdf, id=15718, page=22, 597.50829pt x 
845.0471pt>
File: resources/code/teaos_v1.1.0_codelisting.pdf Graphic file (type pdf)
<use resources/code/teaos_v1.1.0_codelisting.pdf, page 22>
Package pdftex.def Info: resources/code/teaos_v1.1.0_codelisting.pdf , page22 u
sed on input line 21209.
(pdftex.def)             Requested size: 597.53416pt x 845.08372pt.
File: resources/code/teaos_v1.1.0_codelisting.pdf Graphic file (type pdf)
<use resources/code/teaos_v1.1.0_codelisting.pdf, page 22>
Package pdftex.def Info: resources/code/teaos_v1.1.0_codelisting.pdf , page22 u
sed on input line 21209.
(pdftex.def)             Requested size: 597.53416pt x 845.08372pt.


File: resources/code/teaos_v1.1.0_codelisting.pdf Graphic file (type pdf)
<use resources/code/teaos_v1.1.0_codelisting.pdf, page 22>
Package pdftex.def Info: resources/code/teaos_v1.1.0_codelisting.pdf , page22 u
sed on input line 21209.
(pdftex.def)             Requested size: 597.53416pt x 845.08372pt.
[626

 <./resources/code/teaos_v1.1.0_codelisting.pdf>]
<resources/code/teaos_v1.1.0_codelisting.pdf, id=15723, page=23, 597.50829pt x 
845.0471pt>
File: resources/code/teaos_v1.1.0_codelisting.pdf Graphic file (type pdf)
<use resources/code/teaos_v1.1.0_codelisting.pdf, page 23>
Package pdftex.def Info: resources/code/teaos_v1.1.0_codelisting.pdf , page23 u
sed on input line 21209.
(pdftex.def)             Requested size: 597.53416pt x 845.08372pt.
File: resources/code/teaos_v1.1.0_codelisting.pdf Graphic file (type pdf)
<use resources/code/teaos_v1.1.0_codelisting.pdf, page 23>
Package pdftex.def Info: resources/code/teaos_v1.1.0_codelisting.pdf , page23 u
sed on input line 21209.
(pdftex.def)             Requested size: 597.53416pt x 845.08372pt.


File: resources/code/teaos_v1.1.0_codelisting.pdf Graphic file (type pdf)
<use resources/code/teaos_v1.1.0_codelisting.pdf, page 23>
Package pdftex.def Info: resources/code/teaos_v1.1.0_codelisting.pdf , page23 u
sed on input line 21209.
(pdftex.def)             Requested size: 597.53416pt x 845.08372pt.
[627

 <./resources/code/teaos_v1.1.0_codelisting.pdf>]
<resources/code/teaos_v1.1.0_codelisting.pdf, id=15728, page=24, 597.50829pt x 
845.0471pt>
File: resources/code/teaos_v1.1.0_codelisting.pdf Graphic file (type pdf)
<use resources/code/teaos_v1.1.0_codelisting.pdf, page 24>
Package pdftex.def Info: resources/code/teaos_v1.1.0_codelisting.pdf , page24 u
sed on input line 21209.
(pdftex.def)             Requested size: 597.53416pt x 845.08372pt.
File: resources/code/teaos_v1.1.0_codelisting.pdf Graphic file (type pdf)
<use resources/code/teaos_v1.1.0_codelisting.pdf, page 24>
Package pdftex.def Info: resources/code/teaos_v1.1.0_codelisting.pdf , page24 u
sed on input line 21209.
(pdftex.def)             Requested size: 597.53416pt x 845.08372pt.


File: resources/code/teaos_v1.1.0_codelisting.pdf Graphic file (type pdf)
<use resources/code/teaos_v1.1.0_codelisting.pdf, page 24>
Package pdftex.def Info: resources/code/teaos_v1.1.0_codelisting.pdf , page24 u
sed on input line 21209.
(pdftex.def)             Requested size: 597.53416pt x 845.08372pt.
[628

 <./resources/code/teaos_v1.1.0_codelisting.pdf>]
<resources/code/teaos_v1.1.0_codelisting.pdf, id=15733, page=25, 597.50829pt x 
845.0471pt>
File: resources/code/teaos_v1.1.0_codelisting.pdf Graphic file (type pdf)
<use resources/code/teaos_v1.1.0_codelisting.pdf, page 25>
Package pdftex.def Info: resources/code/teaos_v1.1.0_codelisting.pdf , page25 u
sed on input line 21209.
(pdftex.def)             Requested size: 597.53416pt x 845.08372pt.
File: resources/code/teaos_v1.1.0_codelisting.pdf Graphic file (type pdf)
<use resources/code/teaos_v1.1.0_codelisting.pdf, page 25>
Package pdftex.def Info: resources/code/teaos_v1.1.0_codelisting.pdf , page25 u
sed on input line 21209.
(pdftex.def)             Requested size: 597.53416pt x 845.08372pt.


File: resources/code/teaos_v1.1.0_codelisting.pdf Graphic file (type pdf)
<use resources/code/teaos_v1.1.0_codelisting.pdf, page 25>
Package pdftex.def Info: resources/code/teaos_v1.1.0_codelisting.pdf , page25 u
sed on input line 21209.
(pdftex.def)             Requested size: 597.53416pt x 845.08372pt.
[629

 <./resources/code/teaos_v1.1.0_codelisting.pdf>]
<resources/code/teaos_v1.1.0_codelisting.pdf, id=15738, page=26, 597.50829pt x 
845.0471pt>
File: resources/code/teaos_v1.1.0_codelisting.pdf Graphic file (type pdf)
<use resources/code/teaos_v1.1.0_codelisting.pdf, page 26>
Package pdftex.def Info: resources/code/teaos_v1.1.0_codelisting.pdf , page26 u
sed on input line 21209.
(pdftex.def)             Requested size: 597.53416pt x 845.08372pt.
File: resources/code/teaos_v1.1.0_codelisting.pdf Graphic file (type pdf)
<use resources/code/teaos_v1.1.0_codelisting.pdf, page 26>
Package pdftex.def Info: resources/code/teaos_v1.1.0_codelisting.pdf , page26 u
sed on input line 21209.
(pdftex.def)             Requested size: 597.53416pt x 845.08372pt.


File: resources/code/teaos_v1.1.0_codelisting.pdf Graphic file (type pdf)
<use resources/code/teaos_v1.1.0_codelisting.pdf, page 26>
Package pdftex.def Info: resources/code/teaos_v1.1.0_codelisting.pdf , page26 u
sed on input line 21209.
(pdftex.def)             Requested size: 597.53416pt x 845.08372pt.
[630

 <./resources/code/teaos_v1.1.0_codelisting.pdf>]
<resources/code/teaos_v1.1.0_codelisting.pdf, id=15743, page=27, 597.50829pt x 
845.0471pt>
File: resources/code/teaos_v1.1.0_codelisting.pdf Graphic file (type pdf)
<use resources/code/teaos_v1.1.0_codelisting.pdf, page 27>
Package pdftex.def Info: resources/code/teaos_v1.1.0_codelisting.pdf , page27 u
sed on input line 21209.
(pdftex.def)             Requested size: 597.53416pt x 845.08372pt.
File: resources/code/teaos_v1.1.0_codelisting.pdf Graphic file (type pdf)
<use resources/code/teaos_v1.1.0_codelisting.pdf, page 27>
Package pdftex.def Info: resources/code/teaos_v1.1.0_codelisting.pdf , page27 u
sed on input line 21209.
(pdftex.def)             Requested size: 597.53416pt x 845.08372pt.


File: resources/code/teaos_v1.1.0_codelisting.pdf Graphic file (type pdf)
<use resources/code/teaos_v1.1.0_codelisting.pdf, page 27>
Package pdftex.def Info: resources/code/teaos_v1.1.0_codelisting.pdf , page27 u
sed on input line 21209.
(pdftex.def)             Requested size: 597.53416pt x 845.08372pt.
[631

 <./resources/code/teaos_v1.1.0_codelisting.pdf>]
\openout9 = `TAZ_BOOK.listing'.

 (TAZ_BOOK.listing)

[632]

[633]

[634]

[635]

[636]

[637]

[638]

[639]

[640]
Chapter 34.


[641

]

[642

]
Appendix A.
<resources/images/tea_prog_matching.jpg, id=16098, 1284.8pt x 578.16pt>
File: resources/images/tea_prog_matching.jpg Graphic file (type jpg)
<use resources/images/tea_prog_matching.jpg>
Package pdftex.def Info: resources/images/tea_prog_matching.jpg  used on input 
line 21555.
(pdftex.def)             Requested size: 446.69328pt x 201.00926pt.


[643 <./resources/images/tea_prog_matching.jpg>]

[644]

[645]
Underfull \vbox (badness 2469) has occurred while \output is active []



[646]

[647]

[648]

[649]

[650]

[651]

[652]

[653]

[654]

LaTeX Warning: Hyper reference `SECF' on page 655 undefined on input line 22016
.


Underfull \vbox (badness 1478) has occurred while \output is active []



[655]

[656] (C:\Program Files\MiKTeX\tex/latex/listings\lstlang1.sty
File: lstlang1.sty 2024/05/25 1.10b listings language file
)
(C:\Program Files\MiKTeX\tex/latex/listings\lstmisc.sty
File: lstmisc.sty 2024/05/25 1.10b (Carsten Heinz)
)
Underfull \vbox (badness 10000) has occurred while \output is active []



[657]
Underfull \vbox (badness 10000) has occurred while \output is active []



[658] (C:\Program Files\MiKTeX\tex/latex/listings\lstlang1.sty
File: lstlang1.sty 2024/05/25 1.10b listings language file
)
(C:\Program Files\MiKTeX\tex/latex/listings\lstlang1.sty
File: lstlang1.sty 2024/05/25 1.10b listings language file
)
Underfull \vbox (badness 10000) has occurred while \output is active []



[659] (C:\Program Files\MiKTeX\tex/latex/listings\lstlang1.sty
File: lstlang1.sty 2024/05/25 1.10b listings language file
)
(C:\Program Files\MiKTeX\tex/latex/listings\lstlang2.sty
File: lstlang2.sty 2024/05/25 1.10b listings language file
)
Underfull \vbox (badness 10000) has occurred while \output is active []



[660] (C:\Program Files\MiKTeX\tex/latex/listings\lstlang1.sty
File: lstlang1.sty 2024/05/25 1.10b listings language file
)
(C:\Program Files\MiKTeX\tex/latex/listings\lstlang2.sty
File: lstlang2.sty 2024/05/25 1.10b listings language file
)
Underfull \vbox (badness 10000) has occurred while \output is active []



[661]
Underfull \vbox (badness 1024) has occurred while \output is active []



[662]

[663]

[664]
Underfull \vbox (badness 7030) has occurred while \output is active []



[665]
\openout9 = `TAZ_BOOK.listing'.

 (TAZ_BOOK.listing)

[666]
Underfull \vbox (badness 1803) has occurred while \output is active []



[667]
Underfull \vbox (badness 10000) has occurred while \output is active []



[668]

[669]
Underfull \hbox (badness 10000) in paragraph at lines 22565--22565
[]\OT1/cmr/bx/n/14.4 Operator \OT1/cmtt/m/n/14.4 A function that can be applied
 to one
 []


Underfull \hbox (badness 10000) in paragraph at lines 22565--22565
\OT1/cmtt/m/n/14.4 or more operands so as to yield a result. It is
 []


Underfull \hbox (badness 10000) in paragraph at lines 22565--22565
\OT1/cmtt/m/n/14.4 (usually) a symbol representing an operation to
 []


Underfull \hbox (badness 10000) in paragraph at lines 22565--22565
\OT1/cmtt/m/n/14.4 be carried out, as opposed to a variable, which
 []



[670]

[671]

[672]

[673]

LaTeX Warning: Hyper reference `SECF' on page 674 undefined on input line 22680
.



[674] (TAZ_BOOK.bbl

[675]

[676

]

[677]

[678]

[679]

[680]

[681])
Underfull \hbox (badness 10000) in paragraph at lines 22782--22782

 []


Underfull \vbox (badness 10000) has occurred while \output is active []



[682]

[683]

[684

]
<resources/pdfs/AboutAuthor.pdf, id=16812, 614.295pt x 794.97pt>
File: resources/pdfs/AboutAuthor.pdf Graphic file (type pdf)
<use resources/pdfs/AboutAuthor.pdf>
Package pdftex.def Info: resources/pdfs/AboutAuthor.pdf  used on input line 227
99.
(pdftex.def)             Requested size: 505.17802pt x 583.53377pt.

Overfull \hbox (8.84879pt too wide) in paragraph at lines 22799--22799
 [] 
 []


Underfull \vbox (badness 10000) has occurred while \output is active []



[685]
Overfull \vbox (19.80933pt too high) has occurred while \output is active []



[686 <./resources/pdfs/AboutAuthor.pdf>]
<resources/images/jwl_at_cocis.jpg, id=16849, 813.0375pt x 1084.05pt>
File: resources/images/jwl_at_cocis.jpg Graphic file (type jpg)
<use resources/images/jwl_at_cocis.jpg>
Package pdftex.def Info: resources/images/jwl_at_cocis.jpg  used on input line 
22809.
(pdftex.def)             Requested size: 496.32924pt x 661.76578pt.

Overfull \vbox (14.35135pt too high) has occurred while \output is active []



[687 <./resources/images/jwl_at_cocis.jpg>]
<resources/images/alchemy/_3609443f-3a1a-4840-8086-45fb9d02a19f.jpeg, id=16854,
 1027.84pt x 1027.84pt>
File: resources/images/alchemy/_3609443f-3a1a-4840-8086-45fb9d02a19f.jpeg Graph
ic file (type jpg)
<use resources/images/alchemy/_3609443f-3a1a-4840-8086-45fb9d02a19f.jpeg>
Package pdftex.def Info: resources/images/alchemy/_3609443f-3a1a-4840-8086-45fb
9d02a19f.jpeg  used on input line 22819.
(pdftex.def)             Requested size: 397.0649pt x 397.06056pt.


pdfTeX warning: pdflatex (file ../taz_back_cover.pdf): PDF inclusion: found PDF
 version <1.7>, but at most version <1.5> allowed
<../taz_back_cover.pdf, id=16855, 596.98032pt x 844.65562pt>
File: ../taz_back_cover.pdf Graphic file (type pdf)
<use ../taz_back_cover.pdf>
Package pdftex.def Info: ../taz_back_cover.pdf  used on input line 22828.
(pdftex.def)             Requested size: 596.97885pt x 844.65356pt.


pdfTeX warning: pdflatex (file ../taz_back_cover.pdf): PDF inclusion: found PDF
 version <1.7>, but at most version <1.5> allowed
File: ../taz_back_cover.pdf Graphic file (type pdf)
<use ../taz_back_cover.pdf>
Package pdftex.def Info: ../taz_back_cover.pdf  used on input line 22828.
(pdftex.def)             Requested size: 596.97885pt x 844.65356pt.


pdfTeX warning: pdflatex (file ../taz_back_cover.pdf): PDF inclusion: found PDF
 version <1.7>, but at most version <1.5> allowed


pdfTeX warning: pdflatex (file ../taz_back_cover.pdf): PDF inclusion: found PDF
 version <1.7>, but at most version <1.5> allowed
<../taz_back_cover.pdf, id=16858, page=1, 596.98032pt x 844.65562pt>
File: ../taz_back_cover.pdf Graphic file (type pdf)
<use ../taz_back_cover.pdf, page 1>
Package pdftex.def Info: ../taz_back_cover.pdf , page1 used on input line 22828
.
(pdftex.def)             Requested size: 596.97885pt x 844.65356pt.
File: ../taz_back_cover.pdf Graphic file (type pdf)
<use ../taz_back_cover.pdf, page 1>
Package pdftex.def Info: ../taz_back_cover.pdf , page1 used on input line 22828
.
(pdftex.def)             Requested size: 597.71669pt x 845.69751pt.


[688 <./resources/images/alchemy/_3609443f-3a1a-4840-8086-45fb9d02a19f.jpeg>]
File: ../taz_back_cover.pdf Graphic file (type pdf)
<use ../taz_back_cover.pdf, page 1>
Package pdftex.def Info: ../taz_back_cover.pdf , page1 used on input line 22828
.
(pdftex.def)             Requested size: 597.71669pt x 845.69751pt.
File: ../taz_back_cover.pdf Graphic file (type pdf)
<use ../taz_back_cover.pdf, page 1>
Package pdftex.def Info: ../taz_back_cover.pdf , page1 used on input line 22828
.
(pdftex.def)             Requested size: 597.71669pt x 845.69751pt.


File: ../taz_back_cover.pdf Graphic file (type pdf)
<use ../taz_back_cover.pdf, page 1>
Package pdftex.def Info: ../taz_back_cover.pdf , page1 used on input line 22828
.
(pdftex.def)             Requested size: 597.71669pt x 845.69751pt.
[689

 <../taz_back_cover.pdf>] (TAZ_BOOK.aux)
 ***********
LaTeX2e <2024-06-01> patch level 2
L3 programming layer <2024-07-20>
 ***********


LaTeX Font Warning: Some font shapes were not available, defaults substituted.


LaTeX Warning: There were undefined references.


LaTeX Warning: There were multiply-defined labels.

Package rerunfilecheck Info: File `TAZ_BOOK.out' has not changed.
(rerunfilecheck)             Checksum: AFECFFB9C15A57B77E6F01B0D3BBC8E7;50115.
 )
(\end occurred inside a group at level 3)

### simple group (level 3) entered at line 11730 ({)
### simple group (level 2) entered at line 10845 ({)
### simple group (level 1) entered at line 9841 ({)
### bottom level 
Here is how much of TeX's memory you used:
 53267 strings out of 473898
 979580 string characters out of 5736297
 4185960 words of memory out of 5000000
 63625 multiletter control sequences out of 15000+600000
 584392 words of font info for 135 fonts, out of 8000000 for 9000
 1141 hyphenation exceptions out of 8191
 98i,21n,101p,2577b,2312s stack positions out of 10000i,1000n,20000p,200000b,200000s

pdfTeX warning (dest): name{Hfootnote.57} has been referenced but does not exis
t, replaced by a fixed one


pdfTeX warning (dest): name{Hfootnote.56} has been referenced but does not exis
t, replaced by a fixed one

 <C:\Users\AKAM\AppData\Local\MiKTeX\fonts/pk/ljfour/jknappen/ec/dpi600\tcrm172
8.pk> <C:\Users\AKAM\AppData\Local\MiKTeX\fonts/pk/ljfour/jknappen/ec/dpi600\tc
bx1440.pk> <C:\Users\AKAM\AppData\Local\MiKTeX\fonts/pk/ljfour/jknappen/ec/dpi6
00\tcit1440.pk> <C:\Users\AKAM\AppData\Local\MiKTeX\fonts/pk/ljfour/jknappen/ec
/dpi600\tcrm1000.pk> <C:\Users\AKAM\AppData\Local\MiKTeX\fonts/pk/ljfour/jknapp
en/ec/dpi600\tctt1000.pk> <C:\Users\AKAM\AppData\Local\MiKTeX\fonts/pk/ljfour/j
knappen/ec/dpi600\tcrm1440.pk> <C:\Users\AKAM\AppData\Local\MiKTeX\fonts/pk/ljf
our/jknappen/ec/dpi600\tctt1440.pk><C:/Program Files/MiKTeX/fonts/type1/public/
amsfonts/cm/cmbx10.pfb><C:/Program Files/MiKTeX/fonts/type1/public/amsfonts/cm/
cmbx12.pfb><C:/Program Files/MiKTeX/fonts/type1/public/amsfonts/cm/cmbx8.pfb><C
:/Program Files/MiKTeX/fonts/type1/public/amsfonts/cm/cmbx9.pfb><C:/Program Fil
es/MiKTeX/fonts/type1/public/amsfonts/cm/cmbxti10.pfb><C:/Program Files/MiKTeX/
fonts/type1/public/amsfonts/cm/cmex10.pfb><C:/Program Files/MiKTeX/fonts/type1/
public/amsfonts/cm/cmitt10.pfb><C:/Program Files/MiKTeX/fonts/type1/public/amsf
onts/cm/cmmi10.pfb><C:/Program Files/MiKTeX/fonts/type1/public/amsfonts/cm/cmmi
12.pfb><C:/Program Files/MiKTeX/fonts/type1/public/amsfonts/cm/cmmi5.pfb><C:/Pr
ogram Files/MiKTeX/fonts/type1/public/amsfonts/cm/cmmi6.pfb><C:/Program Files/M
iKTeX/fonts/type1/public/amsfonts/cm/cmmi7.pfb><C:/Program Files/MiKTeX/fonts/t
ype1/public/amsfonts/cm/cmmi8.pfb><C:/Program Files/MiKTeX/fonts/type1/public/a
msfonts/cm/cmr10.pfb><C:/Program Files/MiKTeX/fonts/type1/public/amsfonts/cm/cm
r12.pfb><C:/Program Files/MiKTeX/fonts/type1/public/amsfonts/cm/cmr17.pfb><C:/P
rogram Files/MiKTeX/fonts/type1/public/amsfonts/cm/cmr6.pfb><C:/Program Files/M
iKTeX/fonts/type1/public/amsfonts/cm/cmr7.pfb><C:/Program Files/MiKTeX/fonts/ty
pe1/public/amsfonts/cm/cmr8.pfb><C:/Program Files/MiKTeX/fonts/type1/public/ams
fonts/cm/cmr9.pfb><C:/Program Files/MiKTeX/fonts/type1/public/amsfonts/cm/cmsy1
0.pfb><C:/Program Files/MiKTeX/fonts/type1/public/amsfonts/cm/cmsy6.pfb><C:/Pro
gram Files/MiKTeX/fonts/type1/public/amsfonts/cm/cmsy7.pfb><C:/Program Files/Mi
KTeX/fonts/type1/public/amsfonts/cm/cmsy8.pfb><C:/Program Files/MiKTeX/fonts/ty
pe1/public/amsfonts/cm/cmti10.pfb><C:/Program Files/MiKTeX/fonts/type1/public/a
msfonts/cm/cmti12.pfb><C:/Program Files/MiKTeX/fonts/type1/public/amsfonts/cm/c
mti7.pfb><C:/Program Files/MiKTeX/fonts/type1/public/amsfonts/cm/cmti8.pfb><C:/
Program Files/MiKTeX/fonts/type1/public/amsfonts/cm/cmtt10.pfb><C:/Program File
s/MiKTeX/fonts/type1/public/amsfonts/cm/cmtt12.pfb><C:/Program Files/MiKTeX/fon
ts/type1/public/amsfonts/cm/cmtt8.pfb><C:/Program Files/MiKTeX/fonts/type1/publ
ic/amsfonts/cm/cmtt9.pfb><C:/Users/AKAM/AppData/Roaming/MiKTeX/fonts/type1/publ
ic/cbgreek/gttn1000.pfb><C:/Program Files/MiKTeX/fonts/type1/public/amsfonts/la
txfont/lcircle1.pfb><C:/Program Files/MiKTeX/fonts/type1/public/amsfonts/symbol
s/msbm10.pfb>
Output written on TAZ_BOOK.pdf (731 pages, 22051470 bytes).
PDF statistics:
 19400 PDF objects out of 22161 (max. 8388607)
 11636 named destinations out of 12825 (max. 500000)
 2448 words of extra memory for PDF output out of 10000 (max. 10000000)

